,Filename,Average Ratings
0,AF1.jpg,4
1,AF10.jpg,6
2,AF100.jpg,5
3,AF1000.jpg,7
4,AF1001.jpg,7
5,AF1002.jpg,5
6,AF1003.jpg,5
7,AF1004.jpg,6
8,AF1005.jpg,4
9,AF1006.jpg,6
10,AF1007.jpg,5
11,AF1008.jpg,5
12,AF1009.jpg,7
13,AF101.jpg,4
14,AF1010.jpg,5
15,AF1011.jpg,6
16,AF1012.jpg,5
17,AF1013.jpg,7
18,AF1014.jpg,8
19,AF1015.jpg,7
20,AF1016.jpg,7
21,AF1017.jpg,7
22,AF1018.jpg,6
23,AF1019.jpg,4
24,AF102.jpg,5
25,AF1020.jpg,5
26,AF1021.jpg,5
27,AF1022.jpg,7
28,AF1023.jpg,6
29,AF1024.jpg,6
30,AF1025.jpg,3
31,AF1026.jpg,7
32,AF1027.jpg,7
33,AF1028.jpg,4
34,AF1029.jpg,7
35,AF103.jpg,5
36,AF1030.jpg,4
37,AF1031.jpg,8
38,AF1032.jpg,6
39,AF1033.jpg,4
40,AF1034.jpg,6
41,AF1035.jpg,7
42,AF1036.jpg,5
43,AF1037.jpg,4
44,AF1038.jpg,5
45,AF1039.jpg,8
46,AF104.jpg,5
47,AF1040.jpg,4
48,AF1041.jpg,4
49,AF1042.jpg,6
50,AF1043.jpg,5
51,AF1044.jpg,5
52,AF1045.jpg,7
53,AF1046.jpg,4
54,AF1047.jpg,7
55,AF1048.jpg,6
56,AF1049.jpg,5
57,AF105.jpg,8
58,AF1050.jpg,6
59,AF1051.jpg,5
60,AF1052.jpg,5
61,AF1053.jpg,5
62,AF1054.jpg,6
63,AF1055.jpg,6
64,AF1056.jpg,8
65,AF1057.jpg,6
66,AF1058.jpg,7
67,AF1059.jpg,6
68,AF106.jpg,6
69,AF1060.jpg,4
70,AF1061.jpg,5
71,AF1062.jpg,8
72,AF1063.jpg,8
73,AF1064.jpg,7
74,AF1065.jpg,7
75,AF1066.jpg,3
76,AF1067.jpg,5
77,AF1068.jpg,8
78,AF1069.jpg,6
79,AF107.jpg,3
80,AF1070.jpg,5
81,AF1071.jpg,6
82,AF1072.jpg,6
83,AF1073.jpg,5
84,AF1074.jpg,6
85,AF1075.jpg,7
86,AF1076.jpg,2
87,AF1077.jpg,6
88,AF1078.jpg,6
89,AF1079.jpg,5
90,AF108.jpg,5
91,AF1080.jpg,7
92,AF1081.jpg,5
93,AF1082.jpg,5
94,AF1083.jpg,8
95,AF1084.jpg,3
96,AF1085.jpg,4
97,AF1086.jpg,7
98,AF1087.jpg,5
99,AF1088.jpg,7
100,AF1089.jpg,4
101,AF109.jpg,4
102,AF1090.jpg,7
103,AF1091.jpg,5
104,AF1092.jpg,4
105,AF1093.jpg,7
106,AF1094.jpg,8
107,AF1095.jpg,5
108,AF1096.jpg,4
109,AF1097.jpg,4
110,AF1098.jpg,3
111,AF1099.jpg,8
112,AF11.jpg,4
113,AF110.jpg,6
114,AF1100.jpg,5
115,AF1101.jpg,7
116,AF1102.jpg,7
117,AF1103.jpg,6
118,AF1104.jpg,8
119,AF1105.jpg,3
120,AF1106.jpg,7
121,AF1107.jpg,8
122,AF1108.jpg,3
123,AF1109.jpg,7
124,AF111.jpg,5
125,AF1110.jpg,8
126,AF1111.jpg,4
127,AF1112.jpg,8
128,AF1113.jpg,6
129,AF1114.jpg,5
130,AF1115.jpg,8
131,AF1116.jpg,8
132,AF1117.jpg,3
133,AF1118.jpg,3
134,AF1119.jpg,5
135,AF112.jpg,5
136,AF1120.jpg,5
137,AF1121.jpg,3
138,AF1122.jpg,7
139,AF1123.jpg,5
140,AF1124.jpg,7
141,AF1125.jpg,5
142,AF1126.jpg,5
143,AF1127.jpg,5
144,AF1128.jpg,5
145,AF1129.jpg,8
146,AF113.jpg,6
147,AF1130.jpg,5
148,AF1131.jpg,6
149,AF1132.jpg,6
150,AF1133.jpg,6
151,AF1134.jpg,6
152,AF1135.jpg,6
153,AF1136.jpg,6
154,AF1137.jpg,5
155,AF1138.jpg,4
156,AF1139.jpg,5
157,AF114.jpg,5
158,AF1140.jpg,7
159,AF1141.jpg,6
160,AF1142.jpg,5
161,AF1143.jpg,3
162,AF1144.jpg,5
163,AF1145.jpg,4
164,AF1146.jpg,6
165,AF1147.jpg,7
166,AF1148.jpg,7
167,AF1149.jpg,7
168,AF115.jpg,5
169,AF1150.jpg,5
170,AF1151.jpg,4
171,AF1152.jpg,6
172,AF1153.jpg,6
173,AF1154.jpg,8
174,AF1155.jpg,5
175,AF1156.jpg,8
176,AF1157.jpg,6
177,AF1158.jpg,8
178,AF1159.jpg,7
179,AF116.jpg,3
180,AF1160.jpg,7
181,AF1161.jpg,4
182,AF1162.jpg,8
183,AF1163.jpg,6
184,AF1164.jpg,5
185,AF1165.jpg,6
186,AF1166.jpg,7
187,AF1167.jpg,8
188,AF1168.jpg,7
189,AF1169.jpg,7
190,AF117.jpg,4
191,AF1170.jpg,8
192,AF1171.jpg,8
193,AF1172.jpg,7
194,AF1173.jpg,4
195,AF1174.jpg,9
196,AF1175.jpg,8
197,AF1176.jpg,4
198,AF1177.jpg,7
199,AF1178.jpg,7
200,AF1179.jpg,7
201,AF118.jpg,5
202,AF1180.jpg,7
203,AF1181.jpg,5
204,AF1182.jpg,5
205,AF1183.jpg,7
206,AF1184.jpg,4
207,AF1185.jpg,5
208,AF1186.jpg,4
209,AF1187.jpg,7
210,AF1188.jpg,5
211,AF1189.jpg,5
212,AF119.jpg,4
213,AF1190.jpg,5
214,AF1191.jpg,8
215,AF1192.jpg,5
216,AF1193.jpg,4
217,AF1194.jpg,8
218,AF1195.jpg,6
219,AF1196.jpg,7
220,AF1197.jpg,7
221,AF1198.jpg,7
222,AF1199.jpg,8
223,AF12.jpg,4
224,AF120.jpg,4
225,AF1200.jpg,7
226,AF1201.jpg,6
227,AF1202.jpg,6
228,AF1203.jpg,6
229,AF1204.jpg,5
230,AF1205.jpg,8
231,AF1206.jpg,6
232,AF1207.jpg,8
233,AF1208.jpg,8
234,AF1209.jpg,6
235,AF121.jpg,4
236,AF1210.jpg,5
237,AF1211.jpg,8
238,AF1212.jpg,7
239,AF1213.jpg,6
240,AF1214.jpg,6
241,AF1215.jpg,6
242,AF1216.jpg,5
243,AF1217.jpg,6
244,AF1218.jpg,6
245,AF1219.jpg,6
246,AF122.jpg,4
247,AF1220.jpg,5
248,AF1221.jpg,8
249,AF1222.jpg,7
250,AF1223.jpg,4
251,AF1224.jpg,7
252,AF1225.jpg,5
253,AF1226.jpg,4
254,AF1227.jpg,6
255,AF1228.jpg,6
256,AF1229.jpg,5
257,AF123.jpg,4
258,AF1230.jpg,4
259,AF1231.jpg,7
260,AF1232.jpg,6
261,AF1233.jpg,5
262,AF1234.jpg,6
263,AF1235.jpg,5
264,AF1236.jpg,8
265,AF1237.jpg,6
266,AF1238.jpg,6
267,AF1239.jpg,7
268,AF124.jpg,5
269,AF1240.jpg,5
270,AF1241.jpg,7
271,AF1242.jpg,8
272,AF1243.jpg,4
273,AF1244.jpg,7
274,AF1245.jpg,5
275,AF1246.jpg,6
276,AF1247.jpg,7
277,AF1248.jpg,6
278,AF1249.jpg,8
279,AF125.jpg,5
280,AF1250.jpg,4
281,AF1251.jpg,7
282,AF1252.jpg,6
283,AF1253.jpg,8
284,AF1254.jpg,7
285,AF1255.jpg,8
286,AF1256.jpg,4
287,AF1257.jpg,8
288,AF1258.jpg,6
289,AF1259.jpg,5
290,AF126.jpg,5
291,AF1260.jpg,7
292,AF1261.jpg,7
293,AF1262.jpg,7
294,AF1263.jpg,6
295,AF1264.jpg,5
296,AF1265.jpg,8
297,AF1266.jpg,7
298,AF1267.jpg,6
299,AF1268.jpg,8
300,AF1269.jpg,6
301,AF127.jpg,5
302,AF1270.jpg,8
303,AF1271.jpg,6
304,AF1272.jpg,7
305,AF1273.jpg,2
306,AF1274.jpg,6
307,AF1275.jpg,7
308,AF1276.jpg,4
309,AF1277.jpg,7
310,AF1278.jpg,7
311,AF1279.jpg,8
312,AF128.jpg,5
313,AF1280.jpg,8
314,AF1281.jpg,6
315,AF1282.jpg,6
316,AF1283.jpg,8
317,AF1284.jpg,6
318,AF1285.jpg,7
319,AF1286.jpg,7
320,AF1287.jpg,6
321,AF1288.jpg,6
322,AF1289.jpg,5
323,AF129.jpg,6
324,AF1290.jpg,5
325,AF1291.jpg,8
326,AF1292.jpg,6
327,AF1293.jpg,8
328,AF1294.jpg,4
329,AF1295.jpg,8
330,AF1296.jpg,5
331,AF1297.jpg,6
332,AF1298.jpg,7
333,AF1299.jpg,7
334,AF13.jpg,6
335,AF130.jpg,5
336,AF1300.jpg,5
337,AF1301.jpg,8
338,AF1302.jpg,7
339,AF1303.jpg,7
340,AF1304.jpg,4
341,AF1305.jpg,8
342,AF1306.jpg,4
343,AF1307.jpg,5
344,AF1308.jpg,7
345,AF1309.jpg,7
346,AF131.jpg,5
347,AF1310.jpg,4
348,AF1311.jpg,8
349,AF1312.jpg,8
350,AF1313.jpg,5
351,AF1314.jpg,5
352,AF1315.jpg,5
353,AF1316.jpg,8
354,AF1317.jpg,8
355,AF1318.jpg,8
356,AF1319.jpg,8
357,AF132.jpg,4
358,AF1320.jpg,8
359,AF1321.jpg,3
360,AF1322.jpg,5
361,AF1323.jpg,5
362,AF1324.jpg,8
363,AF1325.jpg,4
364,AF1326.jpg,7
365,AF1327.jpg,6
366,AF1328.jpg,7
367,AF1329.jpg,6
368,AF133.jpg,5
369,AF1330.jpg,8
370,AF1331.jpg,7
371,AF1332.jpg,4
372,AF1333.jpg,8
373,AF1334.jpg,7
374,AF1335.jpg,8
375,AF1336.jpg,7
376,AF1337.jpg,4
377,AF1338.jpg,5
378,AF1339.jpg,6
379,AF134.jpg,4
380,AF1340.jpg,7
381,AF1341.jpg,4
382,AF1342.jpg,8
383,AF1343.jpg,7
384,AF1344.jpg,7
385,AF1345.jpg,8
386,AF1346.jpg,7
387,AF1347.jpg,6
388,AF1348.jpg,7
389,AF1349.jpg,4
390,AF135.jpg,5
391,AF1350.jpg,3
392,AF1351.jpg,4
393,AF1352.jpg,6
394,AF1353.jpg,5
395,AF1354.jpg,6
396,AF1355.jpg,8
397,AF1356.jpg,6
398,AF1357.jpg,8
399,AF1358.jpg,4
400,AF1359.jpg,7
401,AF136.jpg,4
402,AF1360.jpg,7
403,AF1361.jpg,7
404,AF1362.jpg,8
405,AF1363.jpg,5
406,AF1364.jpg,7
407,AF1365.jpg,8
408,AF1366.jpg,7
409,AF1367.jpg,6
410,AF1368.jpg,6
411,AF1369.jpg,5
412,AF137.jpg,5
413,AF1370.jpg,7
414,AF1371.jpg,7
415,AF1372.jpg,6
416,AF1373.jpg,5
417,AF1374.jpg,8
418,AF1375.jpg,6
419,AF1376.jpg,7
420,AF1377.jpg,7
421,AF1378.jpg,5
422,AF1379.jpg,5
423,AF138.jpg,4
424,AF1380.jpg,4
425,AF1381.jpg,7
426,AF1382.jpg,8
427,AF1383.jpg,4
428,AF1384.jpg,7
429,AF1385.jpg,7
430,AF1386.jpg,5
431,AF1387.jpg,8
432,AF1388.jpg,8
433,AF1389.jpg,7
434,AF139.jpg,4
435,AF1390.jpg,8
436,AF1391.jpg,5
437,AF1392.jpg,8
438,AF1393.jpg,7
439,AF1394.jpg,6
440,AF1395.jpg,7
441,AF1396.jpg,8
442,AF1397.jpg,7
443,AF1398.jpg,2
444,AF1399.jpg,6
445,AF14.jpg,3
446,AF140.jpg,4
447,AF1400.jpg,7
448,AF1401.jpg,8
449,AF1402.jpg,7
450,AF1403.jpg,8
451,AF1404.jpg,5
452,AF1405.jpg,8
453,AF1406.jpg,7
454,AF1407.jpg,6
455,AF1408.jpg,7
456,AF1409.jpg,7
457,AF141.jpg,4
458,AF1410.jpg,6
459,AF1411.jpg,6
460,AF1412.jpg,6
461,AF1413.jpg,6
462,AF1414.jpg,7
463,AF1415.jpg,3
464,AF1416.jpg,6
465,AF1417.jpg,7
466,AF1418.jpg,5
467,AF1419.jpg,7
468,AF142.jpg,4
469,AF1420.jpg,6
470,AF1421.jpg,6
471,AF1422.jpg,7
472,AF1423.jpg,7
473,AF1424.jpg,5
474,AF1425.jpg,6
475,AF1426.jpg,7
476,AF1427.jpg,7
477,AF1428.jpg,7
478,AF1429.jpg,7
479,AF143.jpg,3
480,AF1430.jpg,7
481,AF1431.jpg,7
482,AF1432.jpg,6
483,AF1433.jpg,6
484,AF1434.jpg,7
485,AF1435.jpg,5
486,AF1436.jpg,5
487,AF1437.jpg,8
488,AF1438.jpg,6
489,AF1439.jpg,7
490,AF144.jpg,4
491,AF1440.jpg,7
492,AF1441.jpg,5
493,AF1442.jpg,7
494,AF1443.jpg,6
495,AF1444.jpg,8
496,AF1445.jpg,7
497,AF1446.jpg,7
498,AF1447.jpg,8
499,AF1448.jpg,7
500,AF1449.jpg,7
501,AF145.jpg,5
502,AF1450.jpg,5
503,AF1451.jpg,8
504,AF1452.jpg,6
505,AF1453.jpg,2
506,AF1454.jpg,5
507,AF1455.jpg,6
508,AF1456.jpg,8
509,AF1457.jpg,7
510,AF1458.jpg,7
511,AF1459.jpg,8
512,AF146.jpg,5
513,AF1460.jpg,7
514,AF1461.jpg,6
515,AF1462.jpg,7
516,AF1463.jpg,5
517,AF1464.jpg,6
518,AF1465.jpg,8
519,AF1466.jpg,7
520,AF1467.jpg,7
521,AF1468.jpg,8
522,AF1469.jpg,8
523,AF147.jpg,4
524,AF1470.jpg,6
525,AF1471.jpg,6
526,AF1472.jpg,7
527,AF1473.jpg,5
528,AF1474.jpg,8
529,AF1475.jpg,3
530,AF1476.jpg,8
531,AF1477.jpg,8
532,AF1478.jpg,7
533,AF1479.jpg,7
534,AF148.jpg,3
535,AF1480.jpg,5
536,AF1481.jpg,7
537,AF1482.jpg,6
538,AF1483.jpg,5
539,AF1484.jpg,7
540,AF1485.jpg,5
541,AF1486.jpg,8
542,AF1487.jpg,6
543,AF1488.jpg,7
544,AF1489.jpg,6
545,AF149.jpg,4
546,AF1490.jpg,7
547,AF1491.jpg,8
548,AF1492.jpg,7
549,AF1493.jpg,6
550,AF1494.jpg,7
551,AF1495.jpg,8
552,AF1496.jpg,7
553,AF1497.jpg,5
554,AF1498.jpg,8
555,AF1499.jpg,6
556,AF15.jpg,5
557,AF150.jpg,4
558,AF1500.jpg,8
559,AF1501.jpg,7
560,AF1502.jpg,7
561,AF1503.jpg,5
562,AF1504.jpg,6
563,AF1505.jpg,6
564,AF1506.jpg,7
565,AF1507.jpg,5
566,AF1508.jpg,7
567,AF1509.jpg,3
568,AF151.jpg,4
569,AF1510.jpg,7
570,AF1511.jpg,7
571,AF1512.jpg,5
572,AF1513.jpg,7
573,AF1514.jpg,8
574,AF1515.jpg,7
575,AF1516.jpg,6
576,AF1517.jpg,6
577,AF1518.jpg,6
578,AF1519.jpg,7
579,AF152.jpg,5
580,AF1520.jpg,6
581,AF1521.jpg,7
582,AF1522.jpg,4
583,AF1523.jpg,7
584,AF1524.jpg,7
585,AF1525.jpg,7
586,AF1526.jpg,8
587,AF1527.jpg,7
588,AF1528.jpg,6
589,AF1529.jpg,7
590,AF153.jpg,4
591,AF1530.jpg,7
592,AF1531.jpg,6
593,AF1532.jpg,7
594,AF1533.jpg,8
595,AF1534.jpg,8
596,AF1535.jpg,6
597,AF1536.jpg,7
598,AF1537.jpg,7
599,AF1538.jpg,8
600,AF1539.jpg,3
601,AF154.jpg,6
602,AF1540.jpg,2
603,AF1541.jpg,7
604,AF1542.jpg,4
605,AF1543.jpg,7
606,AF1544.jpg,6
607,AF1545.jpg,8
608,AF1546.jpg,7
609,AF1547.jpg,8
610,AF1548.jpg,8
611,AF1549.jpg,5
612,AF155.jpg,5
613,AF1550.jpg,6
614,AF1551.jpg,7
615,AF1552.jpg,7
616,AF1553.jpg,7
617,AF1554.jpg,8
618,AF1555.jpg,6
619,AF1556.jpg,6
620,AF1557.jpg,7
621,AF1558.jpg,7
622,AF1559.jpg,8
623,AF156.jpg,4
624,AF1560.jpg,7
625,AF1561.jpg,7
626,AF1562.jpg,6
627,AF1563.jpg,8
628,AF1564.jpg,7
629,AF1565.jpg,6
630,AF1566.jpg,7
631,AF1567.jpg,8
632,AF1568.jpg,7
633,AF1569.jpg,7
634,AF157.jpg,4
635,AF1570.jpg,5
636,AF1571.jpg,7
637,AF1572.jpg,8
638,AF1573.jpg,7
639,AF1574.jpg,7
640,AF1575.jpg,6
641,AF1576.jpg,6
642,AF1577.jpg,6
643,AF1578.jpg,5
644,AF1579.jpg,8
645,AF158.jpg,5
646,AF1580.jpg,6
647,AF1581.jpg,8
648,AF1582.jpg,8
649,AF1583.jpg,7
650,AF1584.jpg,7
651,AF1585.jpg,7
652,AF1586.jpg,7
653,AF1587.jpg,7
654,AF1588.jpg,7
655,AF1589.jpg,7
656,AF159.jpg,5
657,AF1590.jpg,2
658,AF1591.jpg,7
659,AF1592.jpg,8
660,AF1593.jpg,8
661,AF1594.jpg,7
662,AF1595.jpg,7
663,AF1596.jpg,6
664,AF1597.jpg,7
665,AF1598.jpg,7
666,AF1599.jpg,6
667,AF16.jpg,4
668,AF160.jpg,3
669,AF1600.jpg,6
670,AF1601.jpg,8
671,AF1602.jpg,7
672,AF1603.jpg,7
673,AF1604.jpg,7
674,AF1605.jpg,6
675,AF1606.jpg,6
676,AF1607.jpg,6
677,AF1608.jpg,6
678,AF1609.jpg,7
679,AF161.jpg,3
680,AF1610.jpg,8
681,AF1611.jpg,6
682,AF1612.jpg,7
683,AF1613.jpg,8
684,AF1614.jpg,5
685,AF1615.jpg,6
686,AF1616.jpg,5
687,AF1617.jpg,7
688,AF1618.jpg,5
689,AF1619.jpg,3
690,AF162.jpg,4
691,AF1620.jpg,7
692,AF1621.jpg,7
693,AF1622.jpg,7
694,AF1623.jpg,7
695,AF1624.jpg,6
696,AF1625.jpg,4
697,AF1626.jpg,6
698,AF1627.jpg,7
699,AF1628.jpg,8
700,AF1629.jpg,8
701,AF163.jpg,5
702,AF1630.jpg,5
703,AF1631.jpg,2
704,AF1632.jpg,6
705,AF1633.jpg,3
706,AF1634.jpg,8
707,AF1635.jpg,7
708,AF1636.jpg,4
709,AF1637.jpg,7
710,AF1638.jpg,7
711,AF1639.jpg,6
712,AF164.jpg,6
713,AF1640.jpg,7
714,AF1641.jpg,2
715,AF1642.jpg,5
716,AF1643.jpg,7
717,AF1644.jpg,7
718,AF1645.jpg,6
719,AF1646.jpg,8
720,AF1647.jpg,7
721,AF1648.jpg,6
722,AF1649.jpg,6
723,AF165.jpg,5
724,AF1650.jpg,6
725,AF1651.jpg,3
726,AF1652.jpg,8
727,AF1653.jpg,5
728,AF1654.jpg,5
729,AF1655.jpg,6
730,AF1656.jpg,8
731,AF1657.jpg,6
732,AF1658.jpg,6
733,AF1659.jpg,7
734,AF166.jpg,5
735,AF1660.jpg,7
736,AF1661.jpg,7
737,AF1662.jpg,6
738,AF1663.jpg,7
739,AF1664.jpg,6
740,AF1665.jpg,7
741,AF1666.jpg,6
742,AF1667.jpg,7
743,AF1668.jpg,8
744,AF1669.jpg,8
745,AF167.jpg,5
746,AF1670.jpg,7
747,AF1671.jpg,7
748,AF1672.jpg,6
749,AF1673.jpg,7
750,AF1674.jpg,8
751,AF1675.jpg,9
752,AF1676.jpg,8
753,AF1677.jpg,6
754,AF1678.jpg,6
755,AF1679.jpg,5
756,AF168.jpg,5
757,AF1680.jpg,7
758,AF1681.jpg,5
759,AF1682.jpg,7
760,AF1683.jpg,8
761,AF1684.jpg,8
762,AF1685.jpg,7
763,AF1686.jpg,7
764,AF1687.jpg,7
765,AF1688.jpg,8
766,AF1689.jpg,7
767,AF169.jpg,4
768,AF1690.jpg,7
769,AF1691.jpg,6
770,AF1692.jpg,8
771,AF1693.jpg,7
772,AF1694.jpg,7
773,AF1695.jpg,8
774,AF1696.jpg,8
775,AF1697.jpg,8
776,AF1698.jpg,6
777,AF1699.jpg,6
778,AF17.jpg,5
779,AF170.jpg,4
780,AF1700.jpg,6
781,AF1701.jpg,6
782,AF1702.jpg,4
783,AF1703.jpg,8
784,AF1704.jpg,4
785,AF1705.jpg,6
786,AF1706.jpg,7
787,AF1707.jpg,6
788,AF1708.jpg,5
789,AF1709.jpg,6
790,AF171.jpg,5
791,AF1710.jpg,7
792,AF1711.jpg,7
793,AF1712.jpg,7
794,AF1713.jpg,7
795,AF1714.jpg,7
796,AF1715.jpg,5
797,AF1716.jpg,6
798,AF1717.jpg,7
799,AF1718.jpg,7
800,AF1719.jpg,7
801,AF172.jpg,4
802,AF1720.jpg,7
803,AF1721.jpg,5
804,AF1722.jpg,6
805,AF1723.jpg,8
806,AF1724.jpg,7
807,AF1725.jpg,6
808,AF1726.jpg,8
809,AF1727.jpg,5
810,AF1728.jpg,7
811,AF1729.jpg,6
812,AF173.jpg,4
813,AF1730.jpg,8
814,AF1731.jpg,6
815,AF1732.jpg,8
816,AF1733.jpg,8
817,AF1734.jpg,7
818,AF1735.jpg,7
819,AF1736.jpg,7
820,AF1737.jpg,7
821,AF1738.jpg,5
822,AF1739.jpg,4
823,AF174.jpg,4
824,AF1740.jpg,8
825,AF1741.jpg,7
826,AF1742.jpg,7
827,AF1743.jpg,5
828,AF1744.jpg,6
829,AF1745.jpg,5
830,AF1746.jpg,7
831,AF1747.jpg,7
832,AF1748.jpg,7
833,AF1749.jpg,6
834,AF175.jpg,6
835,AF1750.jpg,3
836,AF1751.jpg,7
837,AF1752.jpg,8
838,AF1753.jpg,6
839,AF1754.jpg,7
840,AF1755.jpg,8
841,AF1756.jpg,8
842,AF1757.jpg,5
843,AF1758.jpg,5
844,AF1759.jpg,7
845,AF176.jpg,4
846,AF1760.jpg,4
847,AF1761.jpg,7
848,AF1762.jpg,7
849,AF1763.jpg,7
850,AF1764.jpg,7
851,AF1765.jpg,8
852,AF1766.jpg,8
853,AF1767.jpg,7
854,AF1768.jpg,3
855,AF1769.jpg,7
856,AF177.jpg,3
857,AF1770.jpg,8
858,AF1771.jpg,3
859,AF1772.jpg,7
860,AF1773.jpg,5
861,AF1774.jpg,6
862,AF1775.jpg,7
863,AF1776.jpg,6
864,AF1777.jpg,7
865,AF1778.jpg,4
866,AF1779.jpg,7
867,AF178.jpg,5
868,AF1780.jpg,7
869,AF1781.jpg,7
870,AF1782.jpg,6
871,AF1783.jpg,7
872,AF1784.jpg,6
873,AF1785.jpg,7
874,AF1786.jpg,8
875,AF1787.jpg,7
876,AF1788.jpg,8
877,AF1789.jpg,7
878,AF179.jpg,4
879,AF1790.jpg,4
880,AF1791.jpg,7
881,AF1792.jpg,7
882,AF1793.jpg,8
883,AF1794.jpg,6
884,AF1795.jpg,6
885,AF1796.jpg,4
886,AF1797.jpg,6
887,AF1798.jpg,6
888,AF1799.jpg,7
889,AF18.jpg,5
890,AF180.jpg,5
891,AF1800.jpg,6
892,AF1801.jpg,7
893,AF1802.jpg,7
894,AF1803.jpg,7
895,AF1804.jpg,7
896,AF1805.jpg,7
897,AF1806.jpg,8
898,AF1807.jpg,5
899,AF1808.jpg,7
900,AF1809.jpg,5
901,AF181.jpg,5
902,AF1810.jpg,5
903,AF1811.jpg,6
904,AF1812.jpg,7
905,AF1813.jpg,7
906,AF1814.jpg,6
907,AF1815.jpg,6
908,AF1816.jpg,9
909,AF1817.jpg,6
910,AF1818.jpg,6
911,AF1819.jpg,5
912,AF182.jpg,4
913,AF1820.jpg,2
914,AF1821.jpg,6
915,AF1822.jpg,8
916,AF1823.jpg,7
917,AF1824.jpg,3
918,AF1825.jpg,8
919,AF1826.jpg,8
920,AF1827.jpg,8
921,AF1828.jpg,8
922,AF1829.jpg,5
923,AF183.jpg,5
924,AF1830.jpg,8
925,AF1831.jpg,5
926,AF1832.jpg,8
927,AF1833.jpg,7
928,AF1834.jpg,7
929,AF1835.jpg,6
930,AF1836.jpg,6
931,AF1837.jpg,8
932,AF1838.jpg,7
933,AF1839.jpg,8
934,AF184.jpg,6
935,AF1840.jpg,4
936,AF1841.jpg,5
937,AF1842.jpg,7
938,AF1843.jpg,7
939,AF1844.jpg,9
940,AF1845.jpg,3
941,AF1846.jpg,7
942,AF1847.jpg,6
943,AF1848.jpg,6
944,AF1849.jpg,6
945,AF185.jpg,4
946,AF1850.jpg,7
947,AF1851.jpg,5
948,AF1852.jpg,7
949,AF1853.jpg,3
950,AF1854.jpg,6
951,AF1855.jpg,6
952,AF1856.jpg,8
953,AF1857.jpg,8
954,AF1858.jpg,6
955,AF1859.jpg,3
956,AF186.jpg,4
957,AF1860.jpg,6
958,AF1861.jpg,7
959,AF1862.jpg,6
960,AF1863.jpg,7
961,AF1864.jpg,7
962,AF1865.jpg,6
963,AF1866.jpg,2
964,AF1867.jpg,8
965,AF1868.jpg,7
966,AF1869.jpg,6
967,AF187.jpg,6
968,AF1870.jpg,5
969,AF1871.jpg,7
970,AF1872.jpg,6
971,AF1873.jpg,3
972,AF1874.jpg,6
973,AF1875.jpg,4
974,AF1876.jpg,5
975,AF1877.jpg,8
976,AF1878.jpg,7
977,AF1879.jpg,7
978,AF188.jpg,5
979,AF1880.jpg,4
980,AF1881.jpg,7
981,AF1882.jpg,7
982,AF1883.jpg,6
983,AF1884.jpg,5
984,AF1885.jpg,5
985,AF1886.jpg,5
986,AF1887.jpg,7
987,AF1888.jpg,6
988,AF1889.jpg,7
989,AF189.jpg,4
990,AF1890.jpg,2
991,AF1891.jpg,8
992,AF1892.jpg,7
993,AF1893.jpg,6
994,AF1894.jpg,8
995,AF1895.jpg,7
996,AF1896.jpg,6
997,AF1897.jpg,7
998,AF1898.jpg,7
999,AF1899.jpg,5
1000,AF19.jpg,6
1001,AF190.jpg,4
1002,AF1900.jpg,6
1003,AF1901.jpg,8
1004,AF1902.jpg,7
1005,AF1903.jpg,8
1006,AF1904.jpg,7
1007,AF1905.jpg,7
1008,AF1906.jpg,6
1009,AF1907.jpg,5
1010,AF1908.jpg,8
1011,AF1909.jpg,6
1012,AF191.jpg,5
1013,AF1910.jpg,7
1014,AF1911.jpg,7
1015,AF1912.jpg,8
1016,AF1913.jpg,5
1017,AF1914.jpg,7
1018,AF1915.jpg,6
1019,AF1916.jpg,6
1020,AF1917.jpg,5
1021,AF1918.jpg,5
1022,AF1919.jpg,8
1023,AF192.jpg,4
1024,AF1920.jpg,7
1025,AF1921.jpg,4
1026,AF1922.jpg,6
1027,AF1923.jpg,6
1028,AF1924.jpg,4
1029,AF1925.jpg,6
1030,AF1926.jpg,7
1031,AF1927.jpg,8
1032,AF1928.jpg,5
1033,AF1929.jpg,7
1034,AF193.jpg,4
1035,AF1930.jpg,7
1036,AF1931.jpg,3
1037,AF1932.jpg,5
1038,AF1933.jpg,6
1039,AF1934.jpg,4
1040,AF1935.jpg,2
1041,AF1936.jpg,6
1042,AF1937.jpg,6
1043,AF1938.jpg,4
1044,AF1939.jpg,6
1045,AF194.jpg,5
1046,AF1940.jpg,5
1047,AF1941.jpg,6
1048,AF1942.jpg,4
1049,AF1943.jpg,7
1050,AF1944.jpg,6
1051,AF1945.jpg,6
1052,AF1946.jpg,3
1053,AF1947.jpg,6
1054,AF1948.jpg,5
1055,AF1949.jpg,8
1056,AF195.jpg,5
1057,AF1950.jpg,5
1058,AF1951.jpg,5
1059,AF1952.jpg,6
1060,AF1953.jpg,4
1061,AF1954.jpg,5
1062,AF1955.jpg,7
1063,AF1956.jpg,7
1064,AF1957.jpg,6
1065,AF1958.jpg,8
1066,AF1959.jpg,2
1067,AF196.jpg,5
1068,AF1960.jpg,4
1069,AF1961.jpg,5
1070,AF1962.jpg,7
1071,AF1963.jpg,5
1072,AF1964.jpg,8
1073,AF1965.jpg,3
1074,AF1966.jpg,7
1075,AF1967.jpg,3
1076,AF1968.jpg,3
1077,AF1969.jpg,6
1078,AF197.jpg,3
1079,AF1970.jpg,5
1080,AF1971.jpg,3
1081,AF1972.jpg,8
1082,AF1973.jpg,9
1083,AF1974.jpg,5
1084,AF1975.jpg,4
1085,AF1976.jpg,2
1086,AF1977.jpg,8
1087,AF1978.jpg,7
1088,AF1979.jpg,5
1089,AF198.jpg,4
1090,AF1980.jpg,7
1091,AF1981.jpg,7
1092,AF1982.jpg,6
1093,AF1983.jpg,7
1094,AF1984.jpg,4
1095,AF1985.jpg,8
1096,AF1986.jpg,2
1097,AF1987.jpg,3
1098,AF1988.jpg,3
1099,AF1989.jpg,7
1100,AF199.jpg,5
1101,AF1990.jpg,8
1102,AF1991.jpg,4
1103,AF1992.jpg,7
1104,AF1993.jpg,7
1105,AF1994.jpg,5
1106,AF1995.jpg,2
1107,AF1996.jpg,3
1108,AF1997.jpg,2
1109,AF1998.jpg,5
1110,AF1999.jpg,5
1111,AF2.jpg,7
1112,AF20.jpg,5
1113,AF200.jpg,4
1114,AF2000.jpg,7
1115,AF201.jpg,5
1116,AF202.jpg,5
1117,AF203.jpg,7
1118,AF204.jpg,5
1119,AF205.jpg,7
1120,AF206.jpg,5
1121,AF207.jpg,5
1122,AF208.jpg,5
1123,AF209.jpg,5
1124,AF21.jpg,5
1125,AF210.jpg,4
1126,AF211.jpg,4
1127,AF212.jpg,5
1128,AF213.jpg,7
1129,AF214.jpg,5
1130,AF215.jpg,5
1131,AF216.jpg,5
1132,AF217.jpg,4
1133,AF218.jpg,4
1134,AF219.jpg,4
1135,AF22.jpg,4
1136,AF220.jpg,5
1137,AF221.jpg,4
1138,AF222.jpg,5
1139,AF223.jpg,4
1140,AF224.jpg,5
1141,AF225.jpg,7
1142,AF226.jpg,4
1143,AF227.jpg,5
1144,AF228.jpg,4
1145,AF229.jpg,5
1146,AF23.jpg,6
1147,AF230.jpg,5
1148,AF231.jpg,5
1149,AF232.jpg,3
1150,AF233.jpg,5
1151,AF234.jpg,4
1152,AF235.jpg,5
1153,AF236.jpg,7
1154,AF237.jpg,5
1155,AF238.jpg,5
1156,AF239.jpg,5
1157,AF24.jpg,4
1158,AF240.jpg,6
1159,AF241.jpg,3
1160,AF242.jpg,5
1161,AF243.jpg,4
1162,AF244.jpg,8
1163,AF245.jpg,5
1164,AF246.jpg,6
1165,AF247.jpg,5
1166,AF248.jpg,3
1167,AF249.jpg,5
1168,AF25.jpg,3
1169,AF250.jpg,5
1170,AF251.jpg,5
1171,AF252.jpg,5
1172,AF253.jpg,5
1173,AF254.jpg,6
1174,AF255.jpg,3
1175,AF256.jpg,5
1176,AF257.jpg,4
1177,AF258.jpg,4
1178,AF259.jpg,4
1179,AF26.jpg,4
1180,AF260.jpg,4
1181,AF261.jpg,4
1182,AF262.jpg,4
1183,AF263.jpg,6
1184,AF264.jpg,5
1185,AF265.jpg,3
1186,AF266.jpg,4
1187,AF267.jpg,3
1188,AF268.jpg,6
1189,AF269.jpg,7
1190,AF27.jpg,5
1191,AF270.jpg,2
1192,AF271.jpg,6
1193,AF272.jpg,6
1194,AF273.jpg,5
1195,AF274.jpg,5
1196,AF275.jpg,5
1197,AF276.jpg,4
1198,AF277.jpg,5
1199,AF278.jpg,5
1200,AF279.jpg,6
1201,AF28.jpg,4
1202,AF280.jpg,5
1203,AF281.jpg,4
1204,AF282.jpg,5
1205,AF283.jpg,6
1206,AF284.jpg,6
1207,AF285.jpg,5
1208,AF286.jpg,5
1209,AF287.jpg,3
1210,AF288.jpg,5
1211,AF289.jpg,4
1212,AF29.jpg,6
1213,AF290.jpg,4
1214,AF291.jpg,4
1215,AF292.jpg,5
1216,AF293.jpg,5
1217,AF294.jpg,5
1218,AF295.jpg,4
1219,AF296.jpg,5
1220,AF297.jpg,8
1221,AF298.jpg,4
1222,AF299.jpg,4
1223,AF3.jpg,6
1224,AF30.jpg,6
1225,AF300.jpg,8
1226,AF301.jpg,5
1227,AF302.jpg,5
1228,AF303.jpg,5
1229,AF304.jpg,3
1230,AF305.jpg,3
1231,AF306.jpg,5
1232,AF307.jpg,4
1233,AF308.jpg,4
1234,AF309.jpg,6
1235,AF31.jpg,6
1236,AF310.jpg,4
1237,AF311.jpg,5
1238,AF312.jpg,4
1239,AF313.jpg,5
1240,AF314.jpg,3
1241,AF315.jpg,6
1242,AF316.jpg,4
1243,AF317.jpg,7
1244,AF318.jpg,4
1245,AF319.jpg,6
1246,AF32.jpg,6
1247,AF320.jpg,4
1248,AF321.jpg,4
1249,AF322.jpg,3
1250,AF323.jpg,5
1251,AF324.jpg,5
1252,AF325.jpg,5
1253,AF326.jpg,5
1254,AF327.jpg,6
1255,AF328.jpg,5
1256,AF329.jpg,6
1257,AF33.jpg,5
1258,AF330.jpg,6
1259,AF331.jpg,4
1260,AF332.jpg,4
1261,AF333.jpg,5
1262,AF334.jpg,4
1263,AF335.jpg,4
1264,AF336.jpg,5
1265,AF337.jpg,4
1266,AF338.jpg,6
1267,AF339.jpg,4
1268,AF34.jpg,4
1269,AF340.jpg,5
1270,AF341.jpg,4
1271,AF342.jpg,5
1272,AF343.jpg,5
1273,AF344.jpg,5
1274,AF345.jpg,3
1275,AF346.jpg,4
1276,AF347.jpg,5
1277,AF348.jpg,4
1278,AF349.jpg,5
1279,AF35.jpg,5
1280,AF350.jpg,4
1281,AF351.jpg,5
1282,AF352.jpg,4
1283,AF353.jpg,4
1284,AF354.jpg,5
1285,AF355.jpg,5
1286,AF356.jpg,6
1287,AF357.jpg,5
1288,AF358.jpg,6
1289,AF359.jpg,4
1290,AF36.jpg,4
1291,AF360.jpg,4
1292,AF361.jpg,5
1293,AF362.jpg,4
1294,AF363.jpg,4
1295,AF364.jpg,5
1296,AF365.jpg,3
1297,AF366.jpg,5
1298,AF367.jpg,5
1299,AF368.jpg,5
1300,AF369.jpg,6
1301,AF37.jpg,4
1302,AF370.jpg,5
1303,AF371.jpg,4
1304,AF372.jpg,5
1305,AF373.jpg,5
1306,AF374.jpg,4
1307,AF375.jpg,4
1308,AF376.jpg,5
1309,AF377.jpg,4
1310,AF378.jpg,5
1311,AF379.jpg,5
1312,AF38.jpg,4
1313,AF380.jpg,5
1314,AF381.jpg,5
1315,AF382.jpg,4
1316,AF383.jpg,4
1317,AF384.jpg,4
1318,AF385.jpg,4
1319,AF386.jpg,6
1320,AF387.jpg,4
1321,AF388.jpg,3
1322,AF389.jpg,5
1323,AF39.jpg,3
1324,AF390.jpg,5
1325,AF391.jpg,2
1326,AF392.jpg,5
1327,AF393.jpg,5
1328,AF394.jpg,5
1329,AF395.jpg,8
1330,AF396.jpg,4
1331,AF397.jpg,5
1332,AF398.jpg,8
1333,AF399.jpg,4
1334,AF4.jpg,5
1335,AF40.jpg,5
1336,AF400.jpg,5
1337,AF401.jpg,3
1338,AF402.jpg,6
1339,AF403.jpg,5
1340,AF404.jpg,5
1341,AF405.jpg,5
1342,AF406.jpg,5
1343,AF407.jpg,6
1344,AF408.jpg,6
1345,AF409.jpg,8
1346,AF41.jpg,8
1347,AF410.jpg,4
1348,AF411.jpg,4
1349,AF412.jpg,6
1350,AF413.jpg,3
1351,AF414.jpg,4
1352,AF415.jpg,5
1353,AF416.jpg,5
1354,AF417.jpg,5
1355,AF418.jpg,5
1356,AF419.jpg,5
1357,AF42.jpg,4
1358,AF420.jpg,6
1359,AF421.jpg,5
1360,AF422.jpg,4
1361,AF423.jpg,5
1362,AF424.jpg,5
1363,AF425.jpg,4
1364,AF426.jpg,4
1365,AF427.jpg,4
1366,AF428.jpg,5
1367,AF429.jpg,4
1368,AF43.jpg,4
1369,AF430.jpg,5
1370,AF431.jpg,5
1371,AF432.jpg,6
1372,AF433.jpg,7
1373,AF434.jpg,6
1374,AF435.jpg,3
1375,AF436.jpg,4
1376,AF437.jpg,6
1377,AF438.jpg,5
1378,AF439.jpg,5
1379,AF44.jpg,5
1380,AF440.jpg,5
1381,AF441.jpg,6
1382,AF442.jpg,5
1383,AF443.jpg,4
1384,AF444.jpg,6
1385,AF445.jpg,4
1386,AF446.jpg,6
1387,AF447.jpg,7
1388,AF448.jpg,5
1389,AF449.jpg,5
1390,AF45.jpg,5
1391,AF450.jpg,6
1392,AF451.jpg,6
1393,AF452.jpg,5
1394,AF453.jpg,8
1395,AF454.jpg,5
1396,AF455.jpg,4
1397,AF456.jpg,5
1398,AF457.jpg,5
1399,AF458.jpg,5
1400,AF459.jpg,4
1401,AF46.jpg,4
1402,AF460.jpg,5
1403,AF461.jpg,4
1404,AF462.jpg,5
1405,AF463.jpg,4
1406,AF464.jpg,6
1407,AF465.jpg,4
1408,AF466.jpg,5
1409,AF467.jpg,6
1410,AF468.jpg,5
1411,AF469.jpg,5
1412,AF47.jpg,5
1413,AF470.jpg,7
1414,AF471.jpg,6
1415,AF472.jpg,6
1416,AF473.jpg,5
1417,AF474.jpg,4
1418,AF475.jpg,3
1419,AF476.jpg,7
1420,AF477.jpg,6
1421,AF478.jpg,5
1422,AF479.jpg,5
1423,AF48.jpg,4
1424,AF480.jpg,6
1425,AF481.jpg,4
1426,AF482.jpg,5
1427,AF483.jpg,5
1428,AF484.jpg,7
1429,AF485.jpg,5
1430,AF486.jpg,4
1431,AF487.jpg,5
1432,AF488.jpg,6
1433,AF489.jpg,4
1434,AF49.jpg,4
1435,AF490.jpg,4
1436,AF491.jpg,7
1437,AF492.jpg,8
1438,AF493.jpg,5
1439,AF494.jpg,4
1440,AF495.jpg,5
1441,AF496.jpg,4
1442,AF497.jpg,4
1443,AF498.jpg,5
1444,AF499.jpg,6
1445,AF5.jpg,4
1446,AF50.jpg,5
1447,AF500.jpg,4
1448,AF501.jpg,7
1449,AF502.jpg,5
1450,AF503.jpg,8
1451,AF504.jpg,4
1452,AF505.jpg,5
1453,AF506.jpg,5
1454,AF507.jpg,5
1455,AF508.jpg,4
1456,AF509.jpg,5
1457,AF51.jpg,4
1458,AF510.jpg,7
1459,AF511.jpg,5
1460,AF512.jpg,4
1461,AF513.jpg,5
1462,AF514.jpg,4
1463,AF515.jpg,6
1464,AF516.jpg,5
1465,AF517.jpg,4
1466,AF518.jpg,4
1467,AF519.jpg,5
1468,AF52.jpg,4
1469,AF520.jpg,3
1470,AF521.jpg,5
1471,AF522.jpg,4
1472,AF523.jpg,4
1473,AF524.jpg,5
1474,AF525.jpg,4
1475,AF526.jpg,6
1476,AF527.jpg,6
1477,AF528.jpg,5
1478,AF529.jpg,5
1479,AF53.jpg,4
1480,AF530.jpg,5
1481,AF531.jpg,6
1482,AF532.jpg,4
1483,AF533.jpg,5
1484,AF534.jpg,4
1485,AF535.jpg,5
1486,AF536.jpg,3
1487,AF537.jpg,4
1488,AF538.jpg,6
1489,AF539.jpg,7
1490,AF54.jpg,4
1491,AF540.jpg,5
1492,AF541.jpg,5
1493,AF542.jpg,6
1494,AF543.jpg,5
1495,AF544.jpg,4
1496,AF545.jpg,7
1497,AF546.jpg,3
1498,AF547.jpg,5
1499,AF548.jpg,7
1500,AF549.jpg,4
1501,AF55.jpg,4
1502,AF550.jpg,5
1503,AF551.jpg,7
1504,AF552.jpg,5
1505,AF553.jpg,5
1506,AF554.jpg,6
1507,AF555.jpg,5
1508,AF556.jpg,5
1509,AF557.jpg,3
1510,AF558.jpg,4
1511,AF559.jpg,5
1512,AF56.jpg,6
1513,AF560.jpg,4
1514,AF561.jpg,8
1515,AF562.jpg,5
1516,AF563.jpg,6
1517,AF564.jpg,5
1518,AF565.jpg,8
1519,AF566.jpg,4
1520,AF567.jpg,7
1521,AF568.jpg,4
1522,AF569.jpg,7
1523,AF57.jpg,4
1524,AF570.jpg,4
1525,AF571.jpg,5
1526,AF572.jpg,6
1527,AF573.jpg,5
1528,AF574.jpg,5
1529,AF575.jpg,5
1530,AF576.jpg,5
1531,AF577.jpg,5
1532,AF578.jpg,4
1533,AF579.jpg,5
1534,AF58.jpg,5
1535,AF580.jpg,5
1536,AF581.jpg,5
1537,AF582.jpg,7
1538,AF583.jpg,5
1539,AF584.jpg,5
1540,AF585.jpg,4
1541,AF586.jpg,8
1542,AF587.jpg,3
1543,AF588.jpg,6
1544,AF589.jpg,5
1545,AF59.jpg,4
1546,AF590.jpg,5
1547,AF591.jpg,5
1548,AF592.jpg,9
1549,AF593.jpg,7
1550,AF594.jpg,4
1551,AF595.jpg,4
1552,AF596.jpg,5
1553,AF597.jpg,5
1554,AF598.jpg,4
1555,AF599.jpg,5
1556,AF6.jpg,3
1557,AF60.jpg,5
1558,AF600.jpg,6
1559,AF601.jpg,4
1560,AF602.jpg,5
1561,AF603.jpg,8
1562,AF604.jpg,5
1563,AF605.jpg,5
1564,AF606.jpg,5
1565,AF607.jpg,5
1566,AF608.jpg,4
1567,AF609.jpg,4
1568,AF61.jpg,4
1569,AF610.jpg,3
1570,AF611.jpg,5
1571,AF612.jpg,4
1572,AF613.jpg,4
1573,AF614.jpg,6
1574,AF615.jpg,5
1575,AF616.jpg,4
1576,AF617.jpg,4
1577,AF618.jpg,6
1578,AF619.jpg,5
1579,AF62.jpg,5
1580,AF620.jpg,5
1581,AF621.jpg,5
1582,AF622.jpg,4
1583,AF623.jpg,6
1584,AF624.jpg,5
1585,AF625.jpg,6
1586,AF626.jpg,5
1587,AF627.jpg,5
1588,AF628.jpg,5
1589,AF629.jpg,5
1590,AF63.jpg,3
1591,AF630.jpg,7
1592,AF631.jpg,6
1593,AF632.jpg,4
1594,AF633.jpg,7
1595,AF634.jpg,6
1596,AF635.jpg,5
1597,AF636.jpg,7
1598,AF637.jpg,5
1599,AF638.jpg,4
1600,AF639.jpg,8
1601,AF64.jpg,4
1602,AF640.jpg,5
1603,AF641.jpg,4
1604,AF642.jpg,5
1605,AF643.jpg,4
1606,AF644.jpg,5
1607,AF645.jpg,5
1608,AF646.jpg,7
1609,AF647.jpg,7
1610,AF648.jpg,5
1611,AF649.jpg,4
1612,AF65.jpg,5
1613,AF650.jpg,4
1614,AF651.jpg,5
1615,AF652.jpg,5
1616,AF653.jpg,5
1617,AF654.jpg,5
1618,AF655.jpg,6
1619,AF656.jpg,5
1620,AF657.jpg,4
1621,AF658.jpg,5
1622,AF659.jpg,5
1623,AF66.jpg,4
1624,AF660.jpg,5
1625,AF661.jpg,4
1626,AF662.jpg,5
1627,AF663.jpg,5
1628,AF664.jpg,4
1629,AF665.jpg,5
1630,AF666.jpg,5
1631,AF667.jpg,4
1632,AF668.jpg,4
1633,AF669.jpg,6
1634,AF67.jpg,6
1635,AF670.jpg,6
1636,AF671.jpg,5
1637,AF672.jpg,4
1638,AF673.jpg,6
1639,AF674.jpg,5
1640,AF675.jpg,8
1641,AF676.jpg,5
1642,AF677.jpg,4
1643,AF678.jpg,7
1644,AF679.jpg,5
1645,AF68.jpg,5
1646,AF680.jpg,4
1647,AF681.jpg,5
1648,AF682.jpg,7
1649,AF683.jpg,5
1650,AF684.jpg,5
1651,AF685.jpg,8
1652,AF686.jpg,5
1653,AF687.jpg,5
1654,AF688.jpg,3
1655,AF689.jpg,5
1656,AF69.jpg,5
1657,AF690.jpg,7
1658,AF691.jpg,4
1659,AF692.jpg,4
1660,AF693.jpg,5
1661,AF694.jpg,3
1662,AF695.jpg,9
1663,AF696.jpg,4
1664,AF697.jpg,6
1665,AF698.jpg,4
1666,AF699.jpg,6
1667,AF7.jpg,5
1668,AF70.jpg,5
1669,AF700.jpg,3
1670,AF701.jpg,6
1671,AF702.jpg,6
1672,AF703.jpg,4
1673,AF704.jpg,5
1674,AF705.jpg,4
1675,AF706.jpg,3
1676,AF707.jpg,4
1677,AF708.jpg,3
1678,AF709.jpg,5
1679,AF71.jpg,5
1680,AF710.jpg,3
1681,AF711.jpg,5
1682,AF712.jpg,5
1683,AF713.jpg,5
1684,AF714.jpg,5
1685,AF715.jpg,8
1686,AF716.jpg,3
1687,AF717.jpg,4
1688,AF718.jpg,5
1689,AF719.jpg,4
1690,AF72.jpg,4
1691,AF720.jpg,7
1692,AF721.jpg,5
1693,AF722.jpg,8
1694,AF723.jpg,5
1695,AF724.jpg,8
1696,AF725.jpg,5
1697,AF726.jpg,6
1698,AF727.jpg,6
1699,AF728.jpg,3
1700,AF729.jpg,5
1701,AF73.jpg,6
1702,AF730.jpg,5
1703,AF731.jpg,7
1704,AF732.jpg,5
1705,AF733.jpg,5
1706,AF734.jpg,5
1707,AF735.jpg,5
1708,AF736.jpg,4
1709,AF737.jpg,5
1710,AF738.jpg,8
1711,AF739.jpg,4
1712,AF74.jpg,4
1713,AF740.jpg,5
1714,AF741.jpg,5
1715,AF742.jpg,5
1716,AF743.jpg,5
1717,AF744.jpg,4
1718,AF745.jpg,5
1719,AF746.jpg,6
1720,AF747.jpg,5
1721,AF748.jpg,5
1722,AF749.jpg,5
1723,AF75.jpg,4
1724,AF750.jpg,7
1725,AF751.jpg,6
1726,AF752.jpg,4
1727,AF753.jpg,8
1728,AF754.jpg,4
1729,AF755.jpg,8
1730,AF756.jpg,2
1731,AF757.jpg,2
1732,AF758.jpg,7
1733,AF759.jpg,4
1734,AF76.jpg,5
1735,AF760.jpg,5
1736,AF761.jpg,4
1737,AF762.jpg,8
1738,AF763.jpg,5
1739,AF764.jpg,5
1740,AF765.jpg,5
1741,AF766.jpg,4
1742,AF767.jpg,5
1743,AF768.jpg,6
1744,AF769.jpg,5
1745,AF77.jpg,5
1746,AF770.jpg,7
1747,AF771.jpg,5
1748,AF772.jpg,8
1749,AF773.jpg,5
1750,AF774.jpg,5
1751,AF775.jpg,4
1752,AF776.jpg,6
1753,AF777.jpg,4
1754,AF778.jpg,5
1755,AF779.jpg,7
1756,AF78.jpg,5
1757,AF780.jpg,6
1758,AF781.jpg,5
1759,AF782.jpg,5
1760,AF783.jpg,8
1761,AF784.jpg,6
1762,AF785.jpg,5
1763,AF786.jpg,5
1764,AF787.jpg,4
1765,AF788.jpg,2
1766,AF789.jpg,3
1767,AF79.jpg,5
1768,AF790.jpg,5
1769,AF791.jpg,5
1770,AF792.jpg,5
1771,AF793.jpg,5
1772,AF794.jpg,6
1773,AF795.jpg,5
1774,AF796.jpg,5
1775,AF797.jpg,5
1776,AF798.jpg,8
1777,AF799.jpg,6
1778,AF8.jpg,5
1779,AF80.jpg,5
1780,AF800.jpg,4
1781,AF801.jpg,5
1782,AF802.jpg,5
1783,AF803.jpg,5
1784,AF804.jpg,5
1785,AF805.jpg,4
1786,AF806.jpg,4
1787,AF807.jpg,5
1788,AF808.jpg,4
1789,AF809.jpg,5
1790,AF81.jpg,4
1791,AF810.jpg,5
1792,AF811.jpg,4
1793,AF812.jpg,7
1794,AF813.jpg,6
1795,AF814.jpg,5
1796,AF815.jpg,2
1797,AF816.jpg,5
1798,AF817.jpg,5
1799,AF818.jpg,6
1800,AF819.jpg,5
1801,AF82.jpg,5
1802,AF820.jpg,5
1803,AF821.jpg,3
1804,AF822.jpg,4
1805,AF823.jpg,5
1806,AF824.jpg,4
1807,AF825.jpg,5
1808,AF826.jpg,5
1809,AF827.jpg,5
1810,AF828.jpg,4
1811,AF829.jpg,4
1812,AF83.jpg,5
1813,AF830.jpg,5
1814,AF831.jpg,4
1815,AF832.jpg,5
1816,AF833.jpg,6
1817,AF834.jpg,5
1818,AF835.jpg,5
1819,AF836.jpg,8
1820,AF837.jpg,4
1821,AF838.jpg,8
1822,AF839.jpg,6
1823,AF84.jpg,5
1824,AF840.jpg,7
1825,AF841.jpg,4
1826,AF842.jpg,5
1827,AF843.jpg,4
1828,AF844.jpg,5
1829,AF845.jpg,6
1830,AF846.jpg,3
1831,AF847.jpg,5
1832,AF848.jpg,5
1833,AF849.jpg,5
1834,AF85.jpg,5
1835,AF850.jpg,7
1836,AF851.jpg,4
1837,AF852.jpg,5
1838,AF853.jpg,5
1839,AF854.jpg,5
1840,AF855.jpg,8
1841,AF856.jpg,6
1842,AF857.jpg,4
1843,AF858.jpg,7
1844,AF859.jpg,6
1845,AF86.jpg,4
1846,AF860.jpg,7
1847,AF861.jpg,6
1848,AF862.jpg,8
1849,AF863.jpg,5
1850,AF864.jpg,5
1851,AF865.jpg,4
1852,AF866.jpg,4
1853,AF867.jpg,8
1854,AF868.jpg,4
1855,AF869.jpg,7
1856,AF87.jpg,4
1857,AF870.jpg,5
1858,AF871.jpg,5
1859,AF872.jpg,8
1860,AF873.jpg,5
1861,AF874.jpg,5
1862,AF875.jpg,5
1863,AF876.jpg,5
1864,AF877.jpg,7
1865,AF878.jpg,5
1866,AF879.jpg,5
1867,AF88.jpg,4
1868,AF880.jpg,7
1869,AF881.jpg,8
1870,AF882.jpg,8
1871,AF883.jpg,6
1872,AF884.jpg,4
1873,AF885.jpg,8
1874,AF886.jpg,4
1875,AF887.jpg,4
1876,AF888.jpg,5
1877,AF889.jpg,5
1878,AF89.jpg,3
1879,AF890.jpg,6
1880,AF891.jpg,4
1881,AF892.jpg,7
1882,AF893.jpg,5
1883,AF894.jpg,6
1884,AF895.jpg,7
1885,AF896.jpg,6
1886,AF897.jpg,8
1887,AF898.jpg,8
1888,AF899.jpg,5
1889,AF9.jpg,4
1890,AF90.jpg,3
1891,AF900.jpg,5
1892,AF901.jpg,4
1893,AF902.jpg,6
1894,AF903.jpg,6
1895,AF904.jpg,5
1896,AF905.jpg,8
1897,AF906.jpg,5
1898,AF907.jpg,4
1899,AF908.jpg,6
1900,AF909.jpg,7
1901,AF91.jpg,5
1902,AF910.jpg,6
1903,AF911.jpg,4
1904,AF912.jpg,7
1905,AF913.jpg,5
1906,AF914.jpg,7
1907,AF915.jpg,6
1908,AF916.jpg,6
1909,AF917.jpg,2
1910,AF918.jpg,4
1911,AF919.jpg,5
1912,AF92.jpg,5
1913,AF920.jpg,5
1914,AF921.jpg,8
1915,AF922.jpg,3
1916,AF923.jpg,5
1917,AF924.jpg,6
1918,AF925.jpg,4
1919,AF926.jpg,7
1920,AF927.jpg,6
1921,AF928.jpg,8
1922,AF929.jpg,7
1923,AF93.jpg,5
1924,AF930.jpg,8
1925,AF931.jpg,5
1926,AF932.jpg,6
1927,AF933.jpg,7
1928,AF934.jpg,7
1929,AF935.jpg,5
1930,AF936.jpg,5
1931,AF937.jpg,5
1932,AF938.jpg,7
1933,AF939.jpg,3
1934,AF94.jpg,5
1935,AF940.jpg,6
1936,AF941.jpg,3
1937,AF942.jpg,8
1938,AF943.jpg,4
1939,AF944.jpg,8
1940,AF945.jpg,6
1941,AF946.jpg,7
1942,AF947.jpg,6
1943,AF948.jpg,5
1944,AF949.jpg,5
1945,AF95.jpg,5
1946,AF950.jpg,7
1947,AF951.jpg,5
1948,AF952.jpg,6
1949,AF953.jpg,7
1950,AF954.jpg,8
1951,AF955.jpg,8
1952,AF956.jpg,6
1953,AF957.jpg,6
1954,AF958.jpg,6
1955,AF959.jpg,6
1956,AF96.jpg,6
1957,AF960.jpg,4
1958,AF961.jpg,7
1959,AF962.jpg,7
1960,AF963.jpg,8
1961,AF964.jpg,7
1962,AF965.jpg,5
1963,AF966.jpg,6
1964,AF967.jpg,7
1965,AF968.jpg,4
1966,AF969.jpg,7
1967,AF97.jpg,4
1968,AF970.jpg,5
1969,AF971.jpg,8
1970,AF972.jpg,8
1971,AF973.jpg,6
1972,AF974.jpg,5
1973,AF975.jpg,4
1974,AF976.jpg,8
1975,AF977.jpg,7
1976,AF978.jpg,4
1977,AF979.jpg,4
1978,AF98.jpg,4
1979,AF980.jpg,7
1980,AF981.jpg,5
1981,AF982.jpg,5
1982,AF983.jpg,7
1983,AF984.jpg,7
1984,AF985.jpg,3
1985,AF986.jpg,4
1986,AF987.jpg,7
1987,AF988.jpg,4
1988,AF989.jpg,4
1989,AF99.jpg,5
1990,AF990.jpg,4
1991,AF991.jpg,5
1992,AF992.jpg,5
1993,AF993.jpg,5
1994,AF994.jpg,7
1995,AF995.jpg,6
1996,AF996.jpg,6
1997,AF997.jpg,7
1998,AF998.jpg,6
1999,AF999.jpg,7
2000,AM1.jpg,7
2001,AM10.jpg,2
2002,AM100.jpg,4
2003,AM1000.jpg,5
2004,AM1001.jpg,4
2005,AM1002.jpg,3
2006,AM1003.jpg,4
2007,AM1004.jpg,4
2008,AM1005.jpg,4
2009,AM1006.jpg,4
2010,AM1007.jpg,4
2011,AM1008.jpg,4
2012,AM1009.jpg,5
2013,AM101.jpg,6
2014,AM1010.jpg,4
2015,AM1011.jpg,5
2016,AM1012.jpg,4
2017,AM1013.jpg,5
2018,AM1014.jpg,3
2019,AM1015.jpg,4
2020,AM1016.jpg,3
2021,AM1017.jpg,4
2022,AM1018.jpg,5
2023,AM1019.jpg,5
2024,AM102.jpg,5
2025,AM1020.jpg,7
2026,AM1021.jpg,5
2027,AM1022.jpg,3
2028,AM1023.jpg,4
2029,AM1024.jpg,6
2030,AM1025.jpg,5
2031,AM1026.jpg,4
2032,AM1027.jpg,4
2033,AM1028.jpg,4
2034,AM1029.jpg,4
2035,AM103.jpg,6
2036,AM1030.jpg,5
2037,AM1031.jpg,4
2038,AM1032.jpg,3
2039,AM1033.jpg,4
2040,AM1034.jpg,4
2041,AM1035.jpg,4
2042,AM1036.jpg,3
2043,AM1037.jpg,4
2044,AM1038.jpg,5
2045,AM1039.jpg,6
2046,AM104.jpg,7
2047,AM1040.jpg,4
2048,AM1041.jpg,6
2049,AM1042.jpg,5
2050,AM1043.jpg,7
2051,AM1044.jpg,5
2052,AM1045.jpg,4
2053,AM1046.jpg,4
2054,AM1047.jpg,8
2055,AM1048.jpg,5
2056,AM1049.jpg,5
2057,AM105.jpg,6
2058,AM1050.jpg,6
2059,AM1051.jpg,5
2060,AM1052.jpg,5
2061,AM1053.jpg,5
2062,AM1054.jpg,3
2063,AM1055.jpg,4
2064,AM1056.jpg,5
2065,AM1057.jpg,4
2066,AM1058.jpg,5
2067,AM1059.jpg,4
2068,AM106.jpg,6
2069,AM1060.jpg,4
2070,AM1061.jpg,5
2071,AM1062.jpg,5
2072,AM1063.jpg,4
2073,AM1064.jpg,8
2074,AM1065.jpg,4
2075,AM1066.jpg,5
2076,AM1067.jpg,4
2077,AM1068.jpg,4
2078,AM1069.jpg,4
2079,AM107.jpg,5
2080,AM1070.jpg,5
2081,AM1071.jpg,4
2082,AM1072.jpg,6
2083,AM1073.jpg,4
2084,AM1074.jpg,5
2085,AM1075.jpg,5
2086,AM1076.jpg,5
2087,AM1077.jpg,5
2088,AM1078.jpg,4
2089,AM1079.jpg,4
2090,AM108.jpg,7
2091,AM1080.jpg,5
2092,AM1081.jpg,4
2093,AM1082.jpg,4
2094,AM1083.jpg,5
2095,AM1084.jpg,4
2096,AM1085.jpg,5
2097,AM1086.jpg,6
2098,AM1087.jpg,4
2099,AM1088.jpg,4
2100,AM1089.jpg,3
2101,AM109.jpg,6
2102,AM1090.jpg,4
2103,AM1091.jpg,4
2104,AM1092.jpg,6
2105,AM1093.jpg,6
2106,AM1094.jpg,5
2107,AM1095.jpg,8
2108,AM1096.jpg,6
2109,AM1097.jpg,4
2110,AM1098.jpg,6
2111,AM1099.jpg,5
2112,AM11.jpg,8
2113,AM110.jpg,4
2114,AM1100.jpg,4
2115,AM1101.jpg,4
2116,AM1102.jpg,4
2117,AM1103.jpg,6
2118,AM1104.jpg,3
2119,AM1105.jpg,4
2120,AM1106.jpg,4
2121,AM1107.jpg,4
2122,AM1108.jpg,6
2123,AM1109.jpg,4
2124,AM111.jpg,2
2125,AM1110.jpg,5
2126,AM1111.jpg,4
2127,AM1112.jpg,5
2128,AM1113.jpg,5
2129,AM1114.jpg,6
2130,AM1115.jpg,5
2131,AM1116.jpg,5
2132,AM1117.jpg,5
2133,AM1118.jpg,4
2134,AM1119.jpg,5
2135,AM112.jpg,8
2136,AM1120.jpg,5
2137,AM1121.jpg,5
2138,AM1122.jpg,4
2139,AM1123.jpg,4
2140,AM1124.jpg,4
2141,AM1125.jpg,4
2142,AM1126.jpg,4
2143,AM1127.jpg,5
2144,AM1128.jpg,5
2145,AM1129.jpg,4
2146,AM113.jpg,6
2147,AM1130.jpg,4
2148,AM1131.jpg,4
2149,AM1132.jpg,3
2150,AM1133.jpg,5
2151,AM1134.jpg,5
2152,AM1135.jpg,4
2153,AM1136.jpg,5
2154,AM1137.jpg,6
2155,AM1138.jpg,5
2156,AM1139.jpg,4
2157,AM114.jpg,6
2158,AM1140.jpg,5
2159,AM1141.jpg,6
2160,AM1142.jpg,4
2161,AM1143.jpg,4
2162,AM1144.jpg,4
2163,AM1145.jpg,8
2164,AM1146.jpg,5
2165,AM1147.jpg,5
2166,AM1148.jpg,5
2167,AM1149.jpg,3
2168,AM115.jpg,3
2169,AM1150.jpg,4
2170,AM1151.jpg,5
2171,AM1152.jpg,4
2172,AM1153.jpg,4
2173,AM1154.jpg,5
2174,AM1155.jpg,5
2175,AM1156.jpg,6
2176,AM1157.jpg,5
2177,AM1158.jpg,5
2178,AM1159.jpg,5
2179,AM116.jpg,7
2180,AM1160.jpg,4
2181,AM1161.jpg,5
2182,AM1162.jpg,8
2183,AM1163.jpg,5
2184,AM1164.jpg,5
2185,AM1165.jpg,5
2186,AM1166.jpg,4
2187,AM1167.jpg,5
2188,AM1168.jpg,4
2189,AM1169.jpg,4
2190,AM117.jpg,8
2191,AM1170.jpg,4
2192,AM1171.jpg,4
2193,AM1172.jpg,4
2194,AM1173.jpg,3
2195,AM1174.jpg,4
2196,AM1175.jpg,5
2197,AM1176.jpg,3
2198,AM1177.jpg,4
2199,AM1178.jpg,4
2200,AM1179.jpg,5
2201,AM118.jpg,8
2202,AM1180.jpg,5
2203,AM1181.jpg,4
2204,AM1182.jpg,4
2205,AM1183.jpg,5
2206,AM1184.jpg,6
2207,AM1185.jpg,5
2208,AM1186.jpg,4
2209,AM1187.jpg,5
2210,AM1188.jpg,4
2211,AM1189.jpg,4
2212,AM119.jpg,7
2213,AM1190.jpg,6
2214,AM1191.jpg,5
2215,AM1192.jpg,5
2216,AM1193.jpg,5
2217,AM1194.jpg,5
2218,AM1195.jpg,3
2219,AM1196.jpg,4
2220,AM1197.jpg,4
2221,AM1198.jpg,5
2222,AM1199.jpg,5
2223,AM12.jpg,5
2224,AM120.jpg,8
2225,AM1200.jpg,5
2226,AM1201.jpg,4
2227,AM1202.jpg,5
2228,AM1203.jpg,5
2229,AM1204.jpg,5
2230,AM1205.jpg,5
2231,AM1206.jpg,4
2232,AM1207.jpg,4
2233,AM1208.jpg,4
2234,AM1209.jpg,4
2235,AM121.jpg,5
2236,AM1210.jpg,4
2237,AM1211.jpg,4
2238,AM1212.jpg,4
2239,AM1213.jpg,4
2240,AM1214.jpg,5
2241,AM1215.jpg,4
2242,AM1216.jpg,4
2243,AM1217.jpg,5
2244,AM1218.jpg,7
2245,AM1219.jpg,6
2246,AM122.jpg,6
2247,AM1220.jpg,4
2248,AM1221.jpg,5
2249,AM1222.jpg,5
2250,AM1223.jpg,5
2251,AM1224.jpg,5
2252,AM1225.jpg,4
2253,AM1226.jpg,5
2254,AM1227.jpg,4
2255,AM1228.jpg,4
2256,AM1229.jpg,5
2257,AM123.jpg,8
2258,AM1230.jpg,5
2259,AM1231.jpg,3
2260,AM1232.jpg,4
2261,AM1233.jpg,5
2262,AM1234.jpg,4
2263,AM1235.jpg,4
2264,AM1236.jpg,4
2265,AM1237.jpg,5
2266,AM1238.jpg,5
2267,AM1239.jpg,5
2268,AM124.jpg,8
2269,AM1240.jpg,4
2270,AM1241.jpg,4
2271,AM1242.jpg,3
2272,AM1243.jpg,5
2273,AM1244.jpg,4
2274,AM1245.jpg,5
2275,AM1246.jpg,5
2276,AM1247.jpg,4
2277,AM1248.jpg,5
2278,AM1249.jpg,4
2279,AM125.jpg,7
2280,AM1250.jpg,5
2281,AM1251.jpg,5
2282,AM1252.jpg,4
2283,AM1253.jpg,4
2284,AM1254.jpg,4
2285,AM1255.jpg,4
2286,AM1256.jpg,5
2287,AM1257.jpg,5
2288,AM1258.jpg,5
2289,AM1259.jpg,5
2290,AM126.jpg,3
2291,AM1260.jpg,5
2292,AM1261.jpg,5
2293,AM1262.jpg,5
2294,AM1263.jpg,4
2295,AM1264.jpg,6
2296,AM1265.jpg,4
2297,AM1266.jpg,6
2298,AM1267.jpg,4
2299,AM1268.jpg,4
2300,AM1269.jpg,4
2301,AM127.jpg,7
2302,AM1270.jpg,4
2303,AM1271.jpg,4
2304,AM1272.jpg,4
2305,AM1273.jpg,5
2306,AM1274.jpg,5
2307,AM1275.jpg,4
2308,AM1276.jpg,4
2309,AM1277.jpg,4
2310,AM1278.jpg,4
2311,AM1279.jpg,5
2312,AM128.jpg,6
2313,AM1280.jpg,5
2314,AM1281.jpg,4
2315,AM1282.jpg,4
2316,AM1283.jpg,5
2317,AM1284.jpg,4
2318,AM1285.jpg,4
2319,AM1286.jpg,5
2320,AM1287.jpg,4
2321,AM1288.jpg,3
2322,AM1289.jpg,5
2323,AM129.jpg,8
2324,AM1290.jpg,4
2325,AM1291.jpg,4
2326,AM1292.jpg,5
2327,AM1293.jpg,5
2328,AM1294.jpg,4
2329,AM1295.jpg,4
2330,AM1296.jpg,5
2331,AM1297.jpg,4
2332,AM1298.jpg,5
2333,AM1299.jpg,5
2334,AM13.jpg,5
2335,AM130.jpg,7
2336,AM1300.jpg,4
2337,AM1301.jpg,5
2338,AM1302.jpg,4
2339,AM1303.jpg,4
2340,AM1304.jpg,4
2341,AM1305.jpg,5
2342,AM1306.jpg,5
2343,AM1307.jpg,5
2344,AM1308.jpg,4
2345,AM1309.jpg,5
2346,AM131.jpg,8
2347,AM1310.jpg,5
2348,AM1311.jpg,5
2349,AM1312.jpg,5
2350,AM1313.jpg,5
2351,AM1314.jpg,5
2352,AM1315.jpg,4
2353,AM1316.jpg,4
2354,AM1317.jpg,5
2355,AM1318.jpg,5
2356,AM1319.jpg,5
2357,AM132.jpg,5
2358,AM1320.jpg,4
2359,AM1321.jpg,5
2360,AM1322.jpg,4
2361,AM1323.jpg,5
2362,AM1324.jpg,5
2363,AM1325.jpg,4
2364,AM1326.jpg,5
2365,AM1327.jpg,5
2366,AM1328.jpg,4
2367,AM1329.jpg,5
2368,AM133.jpg,6
2369,AM1330.jpg,5
2370,AM1331.jpg,5
2371,AM1332.jpg,4
2372,AM1333.jpg,5
2373,AM1334.jpg,4
2374,AM1335.jpg,5
2375,AM1336.jpg,5
2376,AM1337.jpg,5
2377,AM1338.jpg,4
2378,AM1339.jpg,4
2379,AM134.jpg,7
2380,AM1340.jpg,5
2381,AM1341.jpg,5
2382,AM1342.jpg,5
2383,AM1343.jpg,5
2384,AM1344.jpg,5
2385,AM1345.jpg,5
2386,AM1346.jpg,5
2387,AM1347.jpg,4
2388,AM1348.jpg,4
2389,AM1349.jpg,5
2390,AM135.jpg,4
2391,AM1350.jpg,4
2392,AM1351.jpg,5
2393,AM1352.jpg,5
2394,AM1353.jpg,4
2395,AM1354.jpg,4
2396,AM1355.jpg,5
2397,AM1356.jpg,4
2398,AM1357.jpg,5
2399,AM1358.jpg,5
2400,AM1359.jpg,4
2401,AM136.jpg,5
2402,AM1360.jpg,4
2403,AM1361.jpg,4
2404,AM1362.jpg,5
2405,AM1363.jpg,3
2406,AM1364.jpg,4
2407,AM1365.jpg,5
2408,AM1366.jpg,5
2409,AM1367.jpg,4
2410,AM1368.jpg,5
2411,AM1369.jpg,5
2412,AM137.jpg,8
2413,AM1370.jpg,5
2414,AM1371.jpg,5
2415,AM1372.jpg,4
2416,AM1373.jpg,4
2417,AM1374.jpg,5
2418,AM1375.jpg,5
2419,AM1376.jpg,5
2420,AM1377.jpg,4
2421,AM1378.jpg,5
2422,AM1379.jpg,4
2423,AM138.jpg,6
2424,AM1380.jpg,5
2425,AM1381.jpg,5
2426,AM1382.jpg,4
2427,AM1383.jpg,4
2428,AM1384.jpg,4
2429,AM1385.jpg,5
2430,AM1386.jpg,6
2431,AM1387.jpg,4
2432,AM1388.jpg,5
2433,AM1389.jpg,5
2434,AM139.jpg,9
2435,AM1390.jpg,4
2436,AM1391.jpg,4
2437,AM1392.jpg,4
2438,AM1393.jpg,5
2439,AM1394.jpg,5
2440,AM1395.jpg,5
2441,AM1396.jpg,5
2442,AM1397.jpg,5
2443,AM1398.jpg,5
2444,AM1399.jpg,5
2445,AM14.jpg,8
2446,AM140.jpg,6
2447,AM1400.jpg,5
2448,AM1401.jpg,4
2449,AM1402.jpg,6
2450,AM1403.jpg,5
2451,AM1404.jpg,5
2452,AM1405.jpg,5
2453,AM1406.jpg,5
2454,AM1407.jpg,4
2455,AM1408.jpg,5
2456,AM1409.jpg,6
2457,AM141.jpg,7
2458,AM1410.jpg,5
2459,AM1411.jpg,5
2460,AM1412.jpg,5
2461,AM1413.jpg,5
2462,AM1414.jpg,5
2463,AM1415.jpg,4
2464,AM1416.jpg,5
2465,AM1417.jpg,4
2466,AM1418.jpg,5
2467,AM1419.jpg,3
2468,AM142.jpg,6
2469,AM1420.jpg,5
2470,AM1421.jpg,5
2471,AM1422.jpg,5
2472,AM1423.jpg,4
2473,AM1424.jpg,5
2474,AM1425.jpg,4
2475,AM1426.jpg,4
2476,AM1427.jpg,6
2477,AM1428.jpg,5
2478,AM1429.jpg,5
2479,AM143.jpg,6
2480,AM1430.jpg,4
2481,AM1431.jpg,5
2482,AM1432.jpg,5
2483,AM1433.jpg,5
2484,AM1434.jpg,4
2485,AM1435.jpg,5
2486,AM1436.jpg,5
2487,AM1437.jpg,6
2488,AM1438.jpg,5
2489,AM1439.jpg,5
2490,AM144.jpg,6
2491,AM1440.jpg,4
2492,AM1441.jpg,4
2493,AM1442.jpg,4
2494,AM1443.jpg,4
2495,AM1444.jpg,4
2496,AM1445.jpg,5
2497,AM1446.jpg,5
2498,AM1447.jpg,5
2499,AM1448.jpg,5
2500,AM1449.jpg,4
2501,AM145.jpg,6
2502,AM1450.jpg,5
2503,AM1451.jpg,4
2504,AM1452.jpg,4
2505,AM1453.jpg,4
2506,AM1454.jpg,5
2507,AM1455.jpg,3
2508,AM1456.jpg,5
2509,AM1457.jpg,5
2510,AM1458.jpg,3
2511,AM1459.jpg,6
2512,AM146.jpg,5
2513,AM1460.jpg,4
2514,AM1461.jpg,7
2515,AM1462.jpg,4
2516,AM1463.jpg,4
2517,AM1464.jpg,8
2518,AM1465.jpg,5
2519,AM1466.jpg,8
2520,AM1467.jpg,5
2521,AM1468.jpg,4
2522,AM1469.jpg,7
2523,AM147.jpg,7
2524,AM1470.jpg,7
2525,AM1471.jpg,4
2526,AM1472.jpg,3
2527,AM1473.jpg,3
2528,AM1474.jpg,4
2529,AM1475.jpg,5
2530,AM1476.jpg,5
2531,AM1477.jpg,5
2532,AM1478.jpg,4
2533,AM1479.jpg,4
2534,AM148.jpg,8
2535,AM1480.jpg,3
2536,AM1481.jpg,4
2537,AM1482.jpg,4
2538,AM1483.jpg,5
2539,AM1484.jpg,5
2540,AM1485.jpg,4
2541,AM1486.jpg,5
2542,AM1487.jpg,4
2543,AM1488.jpg,5
2544,AM1489.jpg,4
2545,AM149.jpg,5
2546,AM1490.jpg,4
2547,AM1491.jpg,5
2548,AM1492.jpg,5
2549,AM1493.jpg,5
2550,AM1494.jpg,5
2551,AM1495.jpg,5
2552,AM1496.jpg,4
2553,AM1497.jpg,6
2554,AM1498.jpg,6
2555,AM1499.jpg,5
2556,AM15.jpg,7
2557,AM150.jpg,7
2558,AM1500.jpg,5
2559,AM1501.jpg,5
2560,AM1502.jpg,5
2561,AM1503.jpg,4
2562,AM1504.jpg,5
2563,AM1505.jpg,5
2564,AM1506.jpg,5
2565,AM1507.jpg,5
2566,AM1508.jpg,5
2567,AM1509.jpg,3
2568,AM151.jpg,8
2569,AM1510.jpg,5
2570,AM1511.jpg,4
2571,AM1512.jpg,5
2572,AM1513.jpg,4
2573,AM1514.jpg,5
2574,AM1515.jpg,5
2575,AM1516.jpg,4
2576,AM1517.jpg,4
2577,AM1518.jpg,5
2578,AM1519.jpg,4
2579,AM152.jpg,8
2580,AM1520.jpg,5
2581,AM1521.jpg,3
2582,AM1522.jpg,4
2583,AM1523.jpg,4
2584,AM1524.jpg,5
2585,AM1525.jpg,4
2586,AM1526.jpg,5
2587,AM1527.jpg,4
2588,AM1528.jpg,4
2589,AM1529.jpg,6
2590,AM153.jpg,5
2591,AM1530.jpg,5
2592,AM1531.jpg,5
2593,AM1532.jpg,5
2594,AM1533.jpg,3
2595,AM1534.jpg,4
2596,AM1535.jpg,4
2597,AM1536.jpg,5
2598,AM1537.jpg,5
2599,AM1538.jpg,5
2600,AM1539.jpg,4
2601,AM154.jpg,8
2602,AM1540.jpg,5
2603,AM1541.jpg,5
2604,AM1542.jpg,5
2605,AM1543.jpg,5
2606,AM1544.jpg,5
2607,AM1545.jpg,5
2608,AM1546.jpg,5
2609,AM1547.jpg,4
2610,AM1548.jpg,4
2611,AM1549.jpg,4
2612,AM155.jpg,7
2613,AM1550.jpg,5
2614,AM1551.jpg,4
2615,AM1552.jpg,5
2616,AM1553.jpg,5
2617,AM1554.jpg,5
2618,AM1555.jpg,5
2619,AM1556.jpg,5
2620,AM1557.jpg,4
2621,AM1558.jpg,3
2622,AM1559.jpg,5
2623,AM156.jpg,8
2624,AM1560.jpg,5
2625,AM1561.jpg,6
2626,AM1562.jpg,7
2627,AM1563.jpg,6
2628,AM1564.jpg,8
2629,AM1565.jpg,8
2630,AM1566.jpg,8
2631,AM1567.jpg,8
2632,AM1568.jpg,8
2633,AM1569.jpg,6
2634,AM157.jpg,7
2635,AM1570.jpg,8
2636,AM1571.jpg,7
2637,AM1572.jpg,8
2638,AM1573.jpg,5
2639,AM1574.jpg,6
2640,AM1575.jpg,8
2641,AM1576.jpg,8
2642,AM1577.jpg,5
2643,AM1578.jpg,6
2644,AM1579.jpg,8
2645,AM158.jpg,5
2646,AM1580.jpg,8
2647,AM1581.jpg,8
2648,AM1582.jpg,7
2649,AM1583.jpg,2
2650,AM1584.jpg,4
2651,AM1585.jpg,7
2652,AM1586.jpg,6
2653,AM1587.jpg,9
2654,AM1588.jpg,7
2655,AM1589.jpg,5
2656,AM159.jpg,4
2657,AM1590.jpg,7
2658,AM1591.jpg,8
2659,AM1592.jpg,7
2660,AM1593.jpg,6
2661,AM1594.jpg,7
2662,AM1595.jpg,7
2663,AM1596.jpg,7
2664,AM1597.jpg,8
2665,AM1598.jpg,8
2666,AM1599.jpg,7
2667,AM16.jpg,7
2668,AM160.jpg,8
2669,AM1600.jpg,8
2670,AM1601.jpg,7
2671,AM1602.jpg,8
2672,AM1603.jpg,8
2673,AM1604.jpg,7
2674,AM1605.jpg,9
2675,AM1606.jpg,8
2676,AM1607.jpg,5
2677,AM1608.jpg,8
2678,AM1609.jpg,7
2679,AM161.jpg,4
2680,AM1610.jpg,6
2681,AM1611.jpg,8
2682,AM1612.jpg,7
2683,AM1613.jpg,8
2684,AM1614.jpg,8
2685,AM1615.jpg,6
2686,AM1616.jpg,8
2687,AM1617.jpg,7
2688,AM1618.jpg,7
2689,AM1619.jpg,8
2690,AM162.jpg,9
2691,AM1620.jpg,4
2692,AM1621.jpg,4
2693,AM1622.jpg,6
2694,AM1623.jpg,6
2695,AM1624.jpg,9
2696,AM1625.jpg,6
2697,AM1626.jpg,8
2698,AM1627.jpg,7
2699,AM1628.jpg,7
2700,AM1629.jpg,8
2701,AM163.jpg,4
2702,AM1630.jpg,8
2703,AM1631.jpg,5
2704,AM1632.jpg,7
2705,AM1633.jpg,6
2706,AM1634.jpg,5
2707,AM1635.jpg,7
2708,AM1636.jpg,8
2709,AM1637.jpg,6
2710,AM1638.jpg,8
2711,AM1639.jpg,8
2712,AM164.jpg,4
2713,AM1640.jpg,8
2714,AM1641.jpg,6
2715,AM1642.jpg,8
2716,AM1643.jpg,7
2717,AM1644.jpg,8
2718,AM1645.jpg,8
2719,AM1646.jpg,7
2720,AM1647.jpg,6
2721,AM1648.jpg,8
2722,AM1649.jpg,7
2723,AM165.jpg,5
2724,AM1650.jpg,8
2725,AM1651.jpg,7
2726,AM1652.jpg,8
2727,AM1653.jpg,6
2728,AM1654.jpg,7
2729,AM1655.jpg,5
2730,AM1656.jpg,7
2731,AM1657.jpg,8
2732,AM1658.jpg,6
2733,AM1659.jpg,6
2734,AM166.jpg,4
2735,AM1660.jpg,7
2736,AM1661.jpg,8
2737,AM1662.jpg,8
2738,AM1663.jpg,4
2739,AM1664.jpg,8
2740,AM1665.jpg,5
2741,AM1666.jpg,7
2742,AM1667.jpg,8
2743,AM1668.jpg,6
2744,AM1669.jpg,6
2745,AM167.jpg,5
2746,AM1670.jpg,5
2747,AM1671.jpg,8
2748,AM1672.jpg,5
2749,AM1673.jpg,7
2750,AM1674.jpg,8
2751,AM1675.jpg,8
2752,AM1676.jpg,6
2753,AM1677.jpg,8
2754,AM1678.jpg,8
2755,AM1679.jpg,8
2756,AM168.jpg,5
2757,AM1680.jpg,6
2758,AM1681.jpg,8
2759,AM1682.jpg,7
2760,AM1683.jpg,6
2761,AM1684.jpg,7
2762,AM1685.jpg,8
2763,AM1686.jpg,7
2764,AM1687.jpg,7
2765,AM1688.jpg,8
2766,AM1689.jpg,8
2767,AM169.jpg,3
2768,AM1690.jpg,8
2769,AM1691.jpg,8
2770,AM1692.jpg,9
2771,AM1693.jpg,8
2772,AM1694.jpg,6
2773,AM1695.jpg,6
2774,AM1696.jpg,8
2775,AM1697.jpg,8
2776,AM1698.jpg,8
2777,AM1699.jpg,9
2778,AM17.jpg,6
2779,AM170.jpg,4
2780,AM1700.jpg,8
2781,AM1701.jpg,8
2782,AM1702.jpg,7
2783,AM1703.jpg,7
2784,AM1704.jpg,8
2785,AM1705.jpg,6
2786,AM1706.jpg,5
2787,AM1707.jpg,7
2788,AM1708.jpg,8
2789,AM1709.jpg,5
2790,AM171.jpg,5
2791,AM1710.jpg,8
2792,AM1711.jpg,6
2793,AM1712.jpg,8
2794,AM1713.jpg,6
2795,AM1714.jpg,6
2796,AM1715.jpg,6
2797,AM1716.jpg,7
2798,AM1717.jpg,7
2799,AM1718.jpg,7
2800,AM1719.jpg,7
2801,AM172.jpg,5
2802,AM1720.jpg,8
2803,AM1721.jpg,7
2804,AM1722.jpg,6
2805,AM1723.jpg,8
2806,AM1724.jpg,8
2807,AM1725.jpg,6
2808,AM1726.jpg,7
2809,AM1727.jpg,5
2810,AM1728.jpg,7
2811,AM1729.jpg,8
2812,AM173.jpg,3
2813,AM1730.jpg,6
2814,AM1731.jpg,7
2815,AM1732.jpg,7
2816,AM1733.jpg,7
2817,AM1734.jpg,7
2818,AM1735.jpg,6
2819,AM1736.jpg,7
2820,AM1737.jpg,7
2821,AM1738.jpg,7
2822,AM1739.jpg,5
2823,AM174.jpg,5
2824,AM1740.jpg,8
2825,AM1741.jpg,7
2826,AM1742.jpg,8
2827,AM1743.jpg,6
2828,AM1744.jpg,6
2829,AM1745.jpg,6
2830,AM1746.jpg,8
2831,AM1747.jpg,5
2832,AM1748.jpg,5
2833,AM1749.jpg,6
2834,AM175.jpg,5
2835,AM1750.jpg,7
2836,AM1751.jpg,7
2837,AM1752.jpg,7
2838,AM1753.jpg,6
2839,AM1754.jpg,7
2840,AM1755.jpg,6
2841,AM1756.jpg,7
2842,AM1757.jpg,8
2843,AM1758.jpg,7
2844,AM1759.jpg,8
2845,AM176.jpg,4
2846,AM1760.jpg,8
2847,AM1761.jpg,7
2848,AM1762.jpg,4
2849,AM1763.jpg,7
2850,AM1764.jpg,6
2851,AM1765.jpg,8
2852,AM1766.jpg,7
2853,AM1767.jpg,4
2854,AM1768.jpg,5
2855,AM1769.jpg,7
2856,AM177.jpg,4
2857,AM1770.jpg,6
2858,AM1771.jpg,7
2859,AM1772.jpg,6
2860,AM1773.jpg,8
2861,AM1774.jpg,7
2862,AM1775.jpg,8
2863,AM1776.jpg,7
2864,AM1777.jpg,7
2865,AM1778.jpg,4
2866,AM1779.jpg,7
2867,AM178.jpg,4
2868,AM1780.jpg,6
2869,AM1781.jpg,5
2870,AM1782.jpg,6
2871,AM1783.jpg,6
2872,AM1784.jpg,7
2873,AM1785.jpg,6
2874,AM1786.jpg,7
2875,AM1787.jpg,5
2876,AM1788.jpg,4
2877,AM1789.jpg,6
2878,AM179.jpg,4
2879,AM1790.jpg,8
2880,AM1791.jpg,4
2881,AM1792.jpg,6
2882,AM1793.jpg,5
2883,AM1794.jpg,5
2884,AM1795.jpg,8
2885,AM1796.jpg,7
2886,AM1797.jpg,6
2887,AM1798.jpg,6
2888,AM1799.jpg,5
2889,AM18.jpg,7
2890,AM180.jpg,5
2891,AM1800.jpg,8
2892,AM1801.jpg,8
2893,AM1802.jpg,8
2894,AM1803.jpg,5
2895,AM1804.jpg,5
2896,AM1805.jpg,7
2897,AM1806.jpg,5
2898,AM1807.jpg,8
2899,AM1808.jpg,7
2900,AM1809.jpg,6
2901,AM181.jpg,5
2902,AM1810.jpg,5
2903,AM1811.jpg,6
2904,AM1812.jpg,5
2905,AM1813.jpg,7
2906,AM1814.jpg,4
2907,AM1815.jpg,5
2908,AM1816.jpg,6
2909,AM1817.jpg,6
2910,AM1818.jpg,3
2911,AM1819.jpg,6
2912,AM182.jpg,5
2913,AM1820.jpg,4
2914,AM1821.jpg,6
2915,AM1822.jpg,7
2916,AM1823.jpg,5
2917,AM1824.jpg,5
2918,AM1825.jpg,4
2919,AM1826.jpg,5
2920,AM1827.jpg,5
2921,AM1828.jpg,5
2922,AM1829.jpg,6
2923,AM183.jpg,5
2924,AM1830.jpg,5
2925,AM1831.jpg,7
2926,AM1832.jpg,7
2927,AM1833.jpg,7
2928,AM1834.jpg,7
2929,AM1835.jpg,7
2930,AM1836.jpg,8
2931,AM1837.jpg,9
2932,AM1838.jpg,9
2933,AM1839.jpg,5
2934,AM184.jpg,4
2935,AM1840.jpg,6
2936,AM1841.jpg,4
2937,AM1842.jpg,7
2938,AM1843.jpg,6
2939,AM1844.jpg,5
2940,AM1845.jpg,7
2941,AM1846.jpg,4
2942,AM1847.jpg,7
2943,AM1848.jpg,4
2944,AM1849.jpg,5
2945,AM185.jpg,4
2946,AM1850.jpg,4
2947,AM1851.jpg,8
2948,AM1852.jpg,8
2949,AM1853.jpg,7
2950,AM1854.jpg,7
2951,AM1855.jpg,6
2952,AM1856.jpg,8
2953,AM1857.jpg,7
2954,AM1858.jpg,7
2955,AM1859.jpg,5
2956,AM186.jpg,8
2957,AM1860.jpg,4
2958,AM1861.jpg,5
2959,AM1862.jpg,7
2960,AM1863.jpg,7
2961,AM1864.jpg,7
2962,AM1865.jpg,6
2963,AM1866.jpg,6
2964,AM1867.jpg,7
2965,AM1868.jpg,8
2966,AM1869.jpg,6
2967,AM187.jpg,7
2968,AM1870.jpg,5
2969,AM1871.jpg,5
2970,AM1872.jpg,6
2971,AM1873.jpg,5
2972,AM1874.jpg,4
2973,AM1875.jpg,6
2974,AM1876.jpg,6
2975,AM1877.jpg,8
2976,AM1878.jpg,7
2977,AM1879.jpg,7
2978,AM188.jpg,7
2979,AM1880.jpg,5
2980,AM1881.jpg,7
2981,AM1882.jpg,5
2982,AM1883.jpg,8
2983,AM1884.jpg,7
2984,AM1885.jpg,8
2985,AM1886.jpg,6
2986,AM1887.jpg,8
2987,AM1888.jpg,6
2988,AM1889.jpg,7
2989,AM189.jpg,7
2990,AM1890.jpg,6
2991,AM1891.jpg,7
2992,AM1892.jpg,8
2993,AM1893.jpg,8
2994,AM1894.jpg,8
2995,AM1895.jpg,8
2996,AM1896.jpg,6
2997,AM1897.jpg,7
2998,AM1898.jpg,5
2999,AM1899.jpg,5
3000,AM19.jpg,5
3001,AM190.jpg,8
3002,AM1900.jpg,6
3003,AM1901.jpg,5
3004,AM1902.jpg,6
3005,AM1903.jpg,5
3006,AM1904.jpg,3
3007,AM1905.jpg,6
3008,AM1906.jpg,6
3009,AM1907.jpg,6
3010,AM1908.jpg,4
3011,AM1909.jpg,5
3012,AM191.jpg,3
3013,AM1910.jpg,6
3014,AM1911.jpg,6
3015,AM1912.jpg,5
3016,AM1913.jpg,6
3017,AM1914.jpg,6
3018,AM1915.jpg,5
3019,AM1916.jpg,5
3020,AM1917.jpg,4
3021,AM1918.jpg,6
3022,AM1919.jpg,5
3023,AM192.jpg,5
3024,AM1920.jpg,5
3025,AM1921.jpg,5
3026,AM1922.jpg,4
3027,AM1923.jpg,4
3028,AM1924.jpg,5
3029,AM1925.jpg,7
3030,AM1926.jpg,7
3031,AM1927.jpg,7
3032,AM1928.jpg,6
3033,AM1929.jpg,8
3034,AM193.jpg,8
3035,AM1930.jpg,8
3036,AM1931.jpg,7
3037,AM1932.jpg,6
3038,AM1933.jpg,7
3039,AM1934.jpg,8
3040,AM1935.jpg,8
3041,AM1936.jpg,9
3042,AM1937.jpg,7
3043,AM1938.jpg,7
3044,AM1939.jpg,7
3045,AM194.jpg,3
3046,AM1940.jpg,8
3047,AM1941.jpg,7
3048,AM1942.jpg,6
3049,AM1943.jpg,6
3050,AM1944.jpg,8
3051,AM1945.jpg,6
3052,AM1946.jpg,6
3053,AM1947.jpg,5
3054,AM1948.jpg,6
3055,AM1949.jpg,6
3056,AM195.jpg,3
3057,AM1950.jpg,6
3058,AM1951.jpg,5
3059,AM1952.jpg,8
3060,AM1953.jpg,7
3061,AM1954.jpg,7
3062,AM1955.jpg,6
3063,AM1956.jpg,7
3064,AM1957.jpg,8
3065,AM1958.jpg,4
3066,AM1959.jpg,7
3067,AM196.jpg,5
3068,AM1960.jpg,6
3069,AM1961.jpg,7
3070,AM1962.jpg,8
3071,AM1963.jpg,8
3072,AM1964.jpg,8
3073,AM1965.jpg,5
3074,AM1966.jpg,7
3075,AM1967.jpg,6
3076,AM1968.jpg,8
3077,AM1969.jpg,7
3078,AM197.jpg,4
3079,AM1970.jpg,7
3080,AM1971.jpg,8
3081,AM1972.jpg,8
3082,AM1973.jpg,7
3083,AM1974.jpg,7
3084,AM1975.jpg,8
3085,AM1976.jpg,6
3086,AM1977.jpg,8
3087,AM1978.jpg,6
3088,AM1979.jpg,6
3089,AM198.jpg,6
3090,AM1980.jpg,7
3091,AM1981.jpg,7
3092,AM1982.jpg,6
3093,AM1983.jpg,7
3094,AM1984.jpg,8
3095,AM1985.jpg,4
3096,AM1986.jpg,5
3097,AM1987.jpg,7
3098,AM1988.jpg,8
3099,AM1989.jpg,8
3100,AM199.jpg,7
3101,AM1990.jpg,7
3102,AM1991.jpg,7
3103,AM1992.jpg,8
3104,AM1993.jpg,5
3105,AM1994.jpg,8
3106,AM1995.jpg,8
3107,AM1996.jpg,7
3108,AM1997.jpg,8
3109,AM1998.jpg,6
3110,AM1999.jpg,6
3111,AM2.jpg,7
3112,AM20.jpg,3
3113,AM200.jpg,4
3114,AM2000.jpg,6
3115,AM201.jpg,6
3116,AM202.jpg,4
3117,AM203.jpg,5
3118,AM204.jpg,4
3119,AM205.jpg,8
3120,AM206.jpg,4
3121,AM207.jpg,4
3122,AM208.jpg,8
3123,AM209.jpg,7
3124,AM21.jpg,8
3125,AM210.jpg,7
3126,AM211.jpg,4
3127,AM212.jpg,5
3128,AM213.jpg,5
3129,AM214.jpg,4
3130,AM215.jpg,4
3131,AM216.jpg,5
3132,AM217.jpg,7
3133,AM218.jpg,8
3134,AM219.jpg,5
3135,AM22.jpg,9
3136,AM220.jpg,4
3137,AM221.jpg,4
3138,AM222.jpg,3
3139,AM223.jpg,4
3140,AM224.jpg,5
3141,AM225.jpg,4
3142,AM226.jpg,5
3143,AM227.jpg,4
3144,AM228.jpg,5
3145,AM229.jpg,5
3146,AM23.jpg,7
3147,AM230.jpg,4
3148,AM231.jpg,5
3149,AM232.jpg,4
3150,AM233.jpg,5
3151,AM234.jpg,5
3152,AM235.jpg,4
3153,AM236.jpg,3
3154,AM237.jpg,4
3155,AM238.jpg,4
3156,AM239.jpg,4
3157,AM24.jpg,6
3158,AM240.jpg,8
3159,AM241.jpg,7
3160,AM242.jpg,4
3161,AM243.jpg,5
3162,AM244.jpg,4
3163,AM245.jpg,9
3164,AM246.jpg,5
3165,AM247.jpg,7
3166,AM248.jpg,8
3167,AM249.jpg,4
3168,AM25.jpg,8
3169,AM250.jpg,5
3170,AM251.jpg,5
3171,AM252.jpg,4
3172,AM253.jpg,6
3173,AM254.jpg,4
3174,AM255.jpg,5
3175,AM256.jpg,5
3176,AM257.jpg,5
3177,AM258.jpg,4
3178,AM259.jpg,4
3179,AM26.jpg,3
3180,AM260.jpg,5
3181,AM261.jpg,5
3182,AM262.jpg,6
3183,AM263.jpg,4
3184,AM264.jpg,3
3185,AM265.jpg,4
3186,AM266.jpg,5
3187,AM267.jpg,8
3188,AM268.jpg,6
3189,AM269.jpg,8
3190,AM27.jpg,8
3191,AM270.jpg,5
3192,AM271.jpg,3
3193,AM272.jpg,4
3194,AM273.jpg,4
3195,AM274.jpg,8
3196,AM275.jpg,5
3197,AM276.jpg,5
3198,AM277.jpg,5
3199,AM278.jpg,5
3200,AM279.jpg,4
3201,AM28.jpg,8
3202,AM280.jpg,4
3203,AM281.jpg,4
3204,AM282.jpg,3
3205,AM283.jpg,5
3206,AM284.jpg,3
3207,AM285.jpg,5
3208,AM286.jpg,3
3209,AM287.jpg,4
3210,AM288.jpg,4
3211,AM289.jpg,4
3212,AM29.jpg,7
3213,AM290.jpg,4
3214,AM291.jpg,5
3215,AM292.jpg,5
3216,AM293.jpg,4
3217,AM294.jpg,5
3218,AM295.jpg,5
3219,AM296.jpg,3
3220,AM297.jpg,4
3221,AM298.jpg,3
3222,AM299.jpg,5
3223,AM3.jpg,8
3224,AM30.jpg,8
3225,AM300.jpg,4
3226,AM301.jpg,5
3227,AM302.jpg,4
3228,AM303.jpg,4
3229,AM304.jpg,8
3230,AM305.jpg,8
3231,AM306.jpg,6
3232,AM307.jpg,8
3233,AM308.jpg,7
3234,AM309.jpg,5
3235,AM31.jpg,7
3236,AM310.jpg,7
3237,AM311.jpg,4
3238,AM312.jpg,6
3239,AM313.jpg,4
3240,AM314.jpg,5
3241,AM315.jpg,6
3242,AM316.jpg,5
3243,AM317.jpg,5
3244,AM318.jpg,7
3245,AM319.jpg,5
3246,AM32.jpg,7
3247,AM320.jpg,8
3248,AM321.jpg,7
3249,AM322.jpg,8
3250,AM323.jpg,5
3251,AM324.jpg,5
3252,AM325.jpg,7
3253,AM326.jpg,4
3254,AM327.jpg,6
3255,AM328.jpg,5
3256,AM329.jpg,5
3257,AM33.jpg,4
3258,AM330.jpg,5
3259,AM331.jpg,4
3260,AM332.jpg,5
3261,AM333.jpg,5
3262,AM334.jpg,5
3263,AM335.jpg,5
3264,AM336.jpg,5
3265,AM337.jpg,7
3266,AM338.jpg,7
3267,AM339.jpg,4
3268,AM34.jpg,8
3269,AM340.jpg,5
3270,AM341.jpg,4
3271,AM342.jpg,5
3272,AM343.jpg,5
3273,AM344.jpg,4
3274,AM345.jpg,4
3275,AM346.jpg,5
3276,AM347.jpg,4
3277,AM348.jpg,4
3278,AM349.jpg,5
3279,AM35.jpg,6
3280,AM350.jpg,4
3281,AM351.jpg,6
3282,AM352.jpg,5
3283,AM353.jpg,5
3284,AM354.jpg,5
3285,AM355.jpg,5
3286,AM356.jpg,5
3287,AM357.jpg,8
3288,AM358.jpg,5
3289,AM359.jpg,4
3290,AM36.jpg,8
3291,AM360.jpg,5
3292,AM361.jpg,5
3293,AM362.jpg,5
3294,AM363.jpg,4
3295,AM364.jpg,4
3296,AM365.jpg,5
3297,AM366.jpg,4
3298,AM367.jpg,5
3299,AM368.jpg,4
3300,AM369.jpg,5
3301,AM37.jpg,6
3302,AM370.jpg,5
3303,AM371.jpg,5
3304,AM372.jpg,4
3305,AM373.jpg,4
3306,AM374.jpg,5
3307,AM375.jpg,5
3308,AM376.jpg,6
3309,AM377.jpg,5
3310,AM378.jpg,5
3311,AM379.jpg,4
3312,AM38.jpg,6
3313,AM380.jpg,5
3314,AM381.jpg,6
3315,AM382.jpg,4
3316,AM383.jpg,5
3317,AM384.jpg,6
3318,AM385.jpg,4
3319,AM386.jpg,5
3320,AM387.jpg,4
3321,AM388.jpg,5
3322,AM389.jpg,3
3323,AM39.jpg,7
3324,AM390.jpg,9
3325,AM391.jpg,5
3326,AM392.jpg,5
3327,AM393.jpg,5
3328,AM394.jpg,3
3329,AM395.jpg,4
3330,AM396.jpg,5
3331,AM397.jpg,4
3332,AM398.jpg,5
3333,AM399.jpg,5
3334,AM4.jpg,6
3335,AM40.jpg,8
3336,AM400.jpg,5
3337,AM401.jpg,4
3338,AM402.jpg,5
3339,AM403.jpg,5
3340,AM404.jpg,5
3341,AM405.jpg,5
3342,AM406.jpg,5
3343,AM407.jpg,4
3344,AM408.jpg,4
3345,AM409.jpg,5
3346,AM41.jpg,8
3347,AM410.jpg,4
3348,AM411.jpg,5
3349,AM412.jpg,5
3350,AM413.jpg,6
3351,AM414.jpg,5
3352,AM415.jpg,5
3353,AM416.jpg,5
3354,AM417.jpg,5
3355,AM418.jpg,3
3356,AM419.jpg,5
3357,AM42.jpg,7
3358,AM420.jpg,4
3359,AM421.jpg,7
3360,AM422.jpg,5
3361,AM423.jpg,5
3362,AM424.jpg,5
3363,AM425.jpg,5
3364,AM426.jpg,5
3365,AM427.jpg,5
3366,AM428.jpg,5
3367,AM429.jpg,5
3368,AM43.jpg,5
3369,AM430.jpg,5
3370,AM431.jpg,6
3371,AM432.jpg,5
3372,AM433.jpg,4
3373,AM434.jpg,6
3374,AM435.jpg,4
3375,AM436.jpg,6
3376,AM437.jpg,4
3377,AM438.jpg,5
3378,AM439.jpg,5
3379,AM44.jpg,8
3380,AM440.jpg,3
3381,AM441.jpg,4
3382,AM442.jpg,5
3383,AM443.jpg,4
3384,AM444.jpg,5
3385,AM445.jpg,4
3386,AM446.jpg,5
3387,AM447.jpg,4
3388,AM448.jpg,4
3389,AM449.jpg,4
3390,AM45.jpg,8
3391,AM450.jpg,4
3392,AM451.jpg,5
3393,AM452.jpg,4
3394,AM453.jpg,5
3395,AM454.jpg,4
3396,AM455.jpg,6
3397,AM456.jpg,6
3398,AM457.jpg,5
3399,AM458.jpg,5
3400,AM459.jpg,5
3401,AM46.jpg,7
3402,AM460.jpg,6
3403,AM461.jpg,4
3404,AM462.jpg,4
3405,AM463.jpg,5
3406,AM464.jpg,5
3407,AM465.jpg,3
3408,AM466.jpg,5
3409,AM467.jpg,4
3410,AM468.jpg,4
3411,AM469.jpg,5
3412,AM47.jpg,6
3413,AM470.jpg,5
3414,AM471.jpg,4
3415,AM472.jpg,5
3416,AM473.jpg,3
3417,AM474.jpg,4
3418,AM475.jpg,5
3419,AM476.jpg,5
3420,AM477.jpg,6
3421,AM478.jpg,5
3422,AM479.jpg,4
3423,AM48.jpg,8
3424,AM480.jpg,5
3425,AM481.jpg,5
3426,AM482.jpg,5
3427,AM483.jpg,4
3428,AM484.jpg,5
3429,AM485.jpg,5
3430,AM486.jpg,4
3431,AM487.jpg,4
3432,AM488.jpg,4
3433,AM489.jpg,4
3434,AM49.jpg,8
3435,AM490.jpg,5
3436,AM491.jpg,4
3437,AM492.jpg,4
3438,AM493.jpg,4
3439,AM494.jpg,5
3440,AM495.jpg,4
3441,AM496.jpg,4
3442,AM497.jpg,3
3443,AM498.jpg,5
3444,AM499.jpg,3
3445,AM5.jpg,4
3446,AM50.jpg,6
3447,AM500.jpg,5
3448,AM501.jpg,4
3449,AM502.jpg,5
3450,AM503.jpg,5
3451,AM504.jpg,5
3452,AM505.jpg,3
3453,AM506.jpg,5
3454,AM507.jpg,5
3455,AM508.jpg,6
3456,AM509.jpg,5
3457,AM51.jpg,7
3458,AM510.jpg,5
3459,AM511.jpg,5
3460,AM512.jpg,4
3461,AM513.jpg,5
3462,AM514.jpg,4
3463,AM515.jpg,5
3464,AM516.jpg,6
3465,AM517.jpg,5
3466,AM518.jpg,4
3467,AM519.jpg,4
3468,AM52.jpg,3
3469,AM520.jpg,5
3470,AM521.jpg,5
3471,AM522.jpg,4
3472,AM523.jpg,5
3473,AM524.jpg,4
3474,AM525.jpg,5
3475,AM526.jpg,5
3476,AM527.jpg,5
3477,AM528.jpg,5
3478,AM529.jpg,6
3479,AM53.jpg,7
3480,AM530.jpg,5
3481,AM531.jpg,5
3482,AM532.jpg,5
3483,AM533.jpg,5
3484,AM534.jpg,5
3485,AM535.jpg,4
3486,AM536.jpg,3
3487,AM537.jpg,5
3488,AM538.jpg,5
3489,AM539.jpg,4
3490,AM54.jpg,5
3491,AM540.jpg,5
3492,AM541.jpg,5
3493,AM542.jpg,3
3494,AM543.jpg,5
3495,AM544.jpg,6
3496,AM545.jpg,4
3497,AM546.jpg,5
3498,AM547.jpg,4
3499,AM548.jpg,5
3500,AM549.jpg,3
3501,AM55.jpg,7
3502,AM550.jpg,4
3503,AM551.jpg,4
3504,AM552.jpg,4
3505,AM553.jpg,5
3506,AM554.jpg,5
3507,AM555.jpg,4
3508,AM556.jpg,5
3509,AM557.jpg,5
3510,AM558.jpg,5
3511,AM559.jpg,5
3512,AM56.jpg,7
3513,AM560.jpg,5
3514,AM561.jpg,5
3515,AM562.jpg,5
3516,AM563.jpg,5
3517,AM564.jpg,5
3518,AM565.jpg,4
3519,AM566.jpg,4
3520,AM567.jpg,4
3521,AM568.jpg,4
3522,AM569.jpg,5
3523,AM57.jpg,6
3524,AM570.jpg,4
3525,AM571.jpg,4
3526,AM572.jpg,5
3527,AM573.jpg,4
3528,AM574.jpg,5
3529,AM575.jpg,5
3530,AM576.jpg,4
3531,AM577.jpg,5
3532,AM578.jpg,4
3533,AM579.jpg,5
3534,AM58.jpg,4
3535,AM580.jpg,4
3536,AM581.jpg,6
3537,AM582.jpg,6
3538,AM583.jpg,5
3539,AM584.jpg,3
3540,AM585.jpg,5
3541,AM586.jpg,5
3542,AM587.jpg,5
3543,AM588.jpg,4
3544,AM589.jpg,4
3545,AM59.jpg,8
3546,AM590.jpg,5
3547,AM591.jpg,5
3548,AM592.jpg,7
3549,AM593.jpg,4
3550,AM594.jpg,4
3551,AM595.jpg,5
3552,AM596.jpg,5
3553,AM597.jpg,5
3554,AM598.jpg,5
3555,AM599.jpg,4
3556,AM6.jpg,8
3557,AM60.jpg,6
3558,AM600.jpg,4
3559,AM601.jpg,5
3560,AM602.jpg,5
3561,AM603.jpg,5
3562,AM604.jpg,5
3563,AM605.jpg,4
3564,AM606.jpg,5
3565,AM607.jpg,4
3566,AM608.jpg,5
3567,AM609.jpg,4
3568,AM61.jpg,3
3569,AM610.jpg,5
3570,AM611.jpg,5
3571,AM612.jpg,5
3572,AM613.jpg,5
3573,AM614.jpg,6
3574,AM615.jpg,4
3575,AM616.jpg,6
3576,AM617.jpg,4
3577,AM618.jpg,5
3578,AM619.jpg,4
3579,AM62.jpg,7
3580,AM620.jpg,5
3581,AM621.jpg,5
3582,AM622.jpg,3
3583,AM623.jpg,5
3584,AM624.jpg,4
3585,AM625.jpg,6
3586,AM626.jpg,5
3587,AM627.jpg,5
3588,AM628.jpg,5
3589,AM629.jpg,5
3590,AM63.jpg,8
3591,AM630.jpg,6
3592,AM631.jpg,5
3593,AM632.jpg,5
3594,AM633.jpg,5
3595,AM634.jpg,4
3596,AM635.jpg,5
3597,AM636.jpg,3
3598,AM637.jpg,5
3599,AM638.jpg,4
3600,AM639.jpg,5
3601,AM64.jpg,8
3602,AM640.jpg,5
3603,AM641.jpg,5
3604,AM642.jpg,5
3605,AM643.jpg,5
3606,AM644.jpg,5
3607,AM645.jpg,5
3608,AM646.jpg,4
3609,AM647.jpg,5
3610,AM648.jpg,5
3611,AM649.jpg,7
3612,AM65.jpg,6
3613,AM650.jpg,5
3614,AM651.jpg,5
3615,AM652.jpg,5
3616,AM653.jpg,5
3617,AM654.jpg,5
3618,AM655.jpg,5
3619,AM656.jpg,5
3620,AM657.jpg,6
3621,AM658.jpg,5
3622,AM659.jpg,5
3623,AM66.jpg,6
3624,AM660.jpg,3
3625,AM661.jpg,4
3626,AM662.jpg,5
3627,AM663.jpg,5
3628,AM664.jpg,4
3629,AM665.jpg,4
3630,AM666.jpg,5
3631,AM667.jpg,5
3632,AM668.jpg,5
3633,AM669.jpg,6
3634,AM67.jpg,6
3635,AM670.jpg,4
3636,AM671.jpg,4
3637,AM672.jpg,6
3638,AM673.jpg,5
3639,AM674.jpg,4
3640,AM675.jpg,5
3641,AM676.jpg,5
3642,AM677.jpg,5
3643,AM678.jpg,6
3644,AM679.jpg,4
3645,AM68.jpg,8
3646,AM680.jpg,4
3647,AM681.jpg,5
3648,AM682.jpg,5
3649,AM683.jpg,5
3650,AM684.jpg,6
3651,AM685.jpg,5
3652,AM686.jpg,5
3653,AM687.jpg,5
3654,AM688.jpg,3
3655,AM689.jpg,5
3656,AM69.jpg,5
3657,AM690.jpg,4
3658,AM691.jpg,5
3659,AM692.jpg,4
3660,AM693.jpg,5
3661,AM694.jpg,5
3662,AM695.jpg,5
3663,AM696.jpg,6
3664,AM697.jpg,5
3665,AM698.jpg,5
3666,AM699.jpg,6
3667,AM7.jpg,6
3668,AM70.jpg,3
3669,AM700.jpg,4
3670,AM701.jpg,3
3671,AM702.jpg,5
3672,AM703.jpg,5
3673,AM704.jpg,4
3674,AM705.jpg,5
3675,AM706.jpg,5
3676,AM707.jpg,3
3677,AM708.jpg,3
3678,AM709.jpg,5
3679,AM71.jpg,7
3680,AM710.jpg,5
3681,AM711.jpg,5
3682,AM712.jpg,4
3683,AM713.jpg,4
3684,AM714.jpg,5
3685,AM715.jpg,5
3686,AM716.jpg,5
3687,AM717.jpg,4
3688,AM718.jpg,5
3689,AM719.jpg,5
3690,AM72.jpg,7
3691,AM720.jpg,5
3692,AM721.jpg,5
3693,AM722.jpg,6
3694,AM723.jpg,4
3695,AM724.jpg,3
3696,AM725.jpg,5
3697,AM726.jpg,5
3698,AM727.jpg,6
3699,AM728.jpg,5
3700,AM729.jpg,5
3701,AM73.jpg,3
3702,AM730.jpg,5
3703,AM731.jpg,5
3704,AM732.jpg,4
3705,AM733.jpg,5
3706,AM734.jpg,4
3707,AM735.jpg,3
3708,AM736.jpg,5
3709,AM737.jpg,5
3710,AM738.jpg,5
3711,AM739.jpg,3
3712,AM74.jpg,3
3713,AM740.jpg,5
3714,AM741.jpg,5
3715,AM742.jpg,5
3716,AM743.jpg,5
3717,AM744.jpg,5
3718,AM745.jpg,5
3719,AM746.jpg,5
3720,AM747.jpg,5
3721,AM748.jpg,5
3722,AM749.jpg,5
3723,AM75.jpg,7
3724,AM750.jpg,4
3725,AM751.jpg,5
3726,AM752.jpg,4
3727,AM753.jpg,4
3728,AM754.jpg,5
3729,AM755.jpg,5
3730,AM756.jpg,5
3731,AM757.jpg,6
3732,AM758.jpg,5
3733,AM759.jpg,5
3734,AM76.jpg,6
3735,AM760.jpg,4
3736,AM761.jpg,5
3737,AM762.jpg,8
3738,AM763.jpg,5
3739,AM764.jpg,6
3740,AM765.jpg,5
3741,AM766.jpg,5
3742,AM767.jpg,5
3743,AM768.jpg,5
3744,AM769.jpg,5
3745,AM77.jpg,8
3746,AM770.jpg,4
3747,AM771.jpg,4
3748,AM772.jpg,4
3749,AM773.jpg,4
3750,AM774.jpg,5
3751,AM775.jpg,5
3752,AM776.jpg,5
3753,AM777.jpg,5
3754,AM778.jpg,5
3755,AM779.jpg,4
3756,AM78.jpg,6
3757,AM780.jpg,5
3758,AM781.jpg,5
3759,AM782.jpg,5
3760,AM783.jpg,5
3761,AM784.jpg,4
3762,AM785.jpg,5
3763,AM786.jpg,5
3764,AM787.jpg,5
3765,AM788.jpg,5
3766,AM789.jpg,4
3767,AM79.jpg,4
3768,AM790.jpg,4
3769,AM791.jpg,5
3770,AM792.jpg,4
3771,AM793.jpg,5
3772,AM794.jpg,5
3773,AM795.jpg,3
3774,AM796.jpg,4
3775,AM797.jpg,5
3776,AM798.jpg,6
3777,AM799.jpg,4
3778,AM8.jpg,8
3779,AM80.jpg,6
3780,AM800.jpg,5
3781,AM801.jpg,5
3782,AM802.jpg,5
3783,AM803.jpg,5
3784,AM804.jpg,5
3785,AM805.jpg,4
3786,AM806.jpg,4
3787,AM807.jpg,4
3788,AM808.jpg,4
3789,AM809.jpg,4
3790,AM81.jpg,7
3791,AM810.jpg,5
3792,AM811.jpg,6
3793,AM812.jpg,4
3794,AM813.jpg,7
3795,AM814.jpg,4
3796,AM815.jpg,4
3797,AM816.jpg,4
3798,AM817.jpg,4
3799,AM818.jpg,5
3800,AM819.jpg,5
3801,AM82.jpg,5
3802,AM820.jpg,5
3803,AM821.jpg,3
3804,AM822.jpg,5
3805,AM823.jpg,5
3806,AM824.jpg,4
3807,AM825.jpg,5
3808,AM826.jpg,5
3809,AM827.jpg,5
3810,AM828.jpg,5
3811,AM829.jpg,5
3812,AM83.jpg,6
3813,AM830.jpg,4
3814,AM831.jpg,5
3815,AM832.jpg,4
3816,AM833.jpg,4
3817,AM834.jpg,5
3818,AM835.jpg,5
3819,AM836.jpg,5
3820,AM837.jpg,5
3821,AM838.jpg,3
3822,AM839.jpg,5
3823,AM84.jpg,7
3824,AM840.jpg,6
3825,AM841.jpg,5
3826,AM842.jpg,5
3827,AM843.jpg,4
3828,AM844.jpg,5
3829,AM845.jpg,5
3830,AM846.jpg,5
3831,AM847.jpg,5
3832,AM848.jpg,5
3833,AM849.jpg,4
3834,AM85.jpg,3
3835,AM850.jpg,5
3836,AM851.jpg,4
3837,AM852.jpg,4
3838,AM853.jpg,4
3839,AM854.jpg,5
3840,AM855.jpg,5
3841,AM856.jpg,4
3842,AM857.jpg,5
3843,AM858.jpg,5
3844,AM859.jpg,5
3845,AM86.jpg,6
3846,AM860.jpg,5
3847,AM861.jpg,5
3848,AM862.jpg,4
3849,AM863.jpg,7
3850,AM864.jpg,5
3851,AM865.jpg,5
3852,AM866.jpg,5
3853,AM867.jpg,7
3854,AM868.jpg,3
3855,AM869.jpg,4
3856,AM87.jpg,7
3857,AM870.jpg,3
3858,AM871.jpg,4
3859,AM872.jpg,4
3860,AM873.jpg,4
3861,AM874.jpg,4
3862,AM875.jpg,5
3863,AM876.jpg,5
3864,AM877.jpg,4
3865,AM878.jpg,5
3866,AM879.jpg,5
3867,AM88.jpg,7
3868,AM880.jpg,5
3869,AM881.jpg,4
3870,AM882.jpg,5
3871,AM883.jpg,4
3872,AM884.jpg,5
3873,AM885.jpg,4
3874,AM886.jpg,5
3875,AM887.jpg,4
3876,AM888.jpg,5
3877,AM889.jpg,4
3878,AM89.jpg,6
3879,AM890.jpg,4
3880,AM891.jpg,5
3881,AM892.jpg,4
3882,AM893.jpg,4
3883,AM894.jpg,5
3884,AM895.jpg,5
3885,AM896.jpg,4
3886,AM897.jpg,5
3887,AM898.jpg,4
3888,AM899.jpg,5
3889,AM9.jpg,7
3890,AM90.jpg,3
3891,AM900.jpg,5
3892,AM901.jpg,5
3893,AM902.jpg,5
3894,AM903.jpg,4
3895,AM904.jpg,5
3896,AM905.jpg,5
3897,AM906.jpg,5
3898,AM907.jpg,5
3899,AM908.jpg,4
3900,AM909.jpg,5
3901,AM91.jpg,5
3902,AM910.jpg,4
3903,AM911.jpg,5
3904,AM912.jpg,5
3905,AM913.jpg,4
3906,AM914.jpg,4
3907,AM915.jpg,5
3908,AM916.jpg,5
3909,AM917.jpg,5
3910,AM918.jpg,4
3911,AM919.jpg,5
3912,AM92.jpg,5
3913,AM920.jpg,4
3914,AM921.jpg,4
3915,AM922.jpg,5
3916,AM923.jpg,4
3917,AM924.jpg,5
3918,AM925.jpg,5
3919,AM926.jpg,4
3920,AM927.jpg,5
3921,AM928.jpg,5
3922,AM929.jpg,4
3923,AM93.jpg,4
3924,AM930.jpg,4
3925,AM931.jpg,5
3926,AM932.jpg,4
3927,AM933.jpg,5
3928,AM934.jpg,4
3929,AM935.jpg,4
3930,AM936.jpg,4
3931,AM937.jpg,5
3932,AM938.jpg,5
3933,AM939.jpg,5
3934,AM94.jpg,6
3935,AM940.jpg,5
3936,AM941.jpg,4
3937,AM942.jpg,5
3938,AM943.jpg,5
3939,AM944.jpg,3
3940,AM945.jpg,4
3941,AM946.jpg,5
3942,AM947.jpg,4
3943,AM948.jpg,5
3944,AM949.jpg,5
3945,AM95.jpg,4
3946,AM950.jpg,5
3947,AM951.jpg,4
3948,AM952.jpg,4
3949,AM953.jpg,5
3950,AM954.jpg,5
3951,AM955.jpg,5
3952,AM956.jpg,4
3953,AM957.jpg,4
3954,AM958.jpg,4
3955,AM959.jpg,4
3956,AM96.jpg,4
3957,AM960.jpg,5
3958,AM961.jpg,5
3959,AM962.jpg,5
3960,AM963.jpg,6
3961,AM964.jpg,4
3962,AM965.jpg,5
3963,AM966.jpg,5
3964,AM967.jpg,6
3965,AM968.jpg,4
3966,AM969.jpg,5
3967,AM97.jpg,7
3968,AM970.jpg,5
3969,AM971.jpg,4
3970,AM972.jpg,5
3971,AM973.jpg,5
3972,AM974.jpg,4
3973,AM975.jpg,5
3974,AM976.jpg,3
3975,AM977.jpg,3
3976,AM978.jpg,5
3977,AM979.jpg,4
3978,AM98.jpg,6
3979,AM980.jpg,4
3980,AM981.jpg,5
3981,AM982.jpg,5
3982,AM983.jpg,5
3983,AM984.jpg,6
3984,AM985.jpg,6
3985,AM986.jpg,4
3986,AM987.jpg,5
3987,AM988.jpg,5
3988,AM989.jpg,5
3989,AM99.jpg,7
3990,AM990.jpg,5
3991,AM991.jpg,4
3992,AM992.jpg,5
3993,AM993.jpg,4
3994,AM994.jpg,5
3995,AM995.jpg,5
3996,AM996.jpg,4
3997,AM997.jpg,5
3998,AM998.jpg,5
3999,AM999.jpg,4
4000,CF1.jpg,8
4001,CF10.jpg,7
4002,CF100.jpg,4
4003,CF101.jpg,4
4004,CF102.jpg,6
4005,CF103.jpg,5
4006,CF104.jpg,5
4007,CF105.jpg,5
4008,CF106.jpg,5
4009,CF107.jpg,7
4010,CF108.jpg,4
4011,CF109.jpg,4
4012,CF11.jpg,8
4013,CF110.jpg,5
4014,CF111.jpg,5
4015,CF112.jpg,5
4016,CF113.jpg,5
4017,CF114.jpg,4
4018,CF115.jpg,5
4019,CF116.jpg,5
4020,CF117.jpg,3
4021,CF118.jpg,3
4022,CF119.jpg,5
4023,CF12.jpg,8
4024,CF120.jpg,5
4025,CF121.jpg,4
4026,CF122.jpg,6
4027,CF123.jpg,5
4028,CF124.jpg,6
4029,CF125.jpg,7
4030,CF126.jpg,5
4031,CF127.jpg,5
4032,CF128.jpg,5
4033,CF129.jpg,3
4034,CF13.jpg,8
4035,CF130.jpg,5
4036,CF131.jpg,6
4037,CF132.jpg,5
4038,CF133.jpg,5
4039,CF134.jpg,5
4040,CF135.jpg,4
4041,CF136.jpg,4
4042,CF137.jpg,5
4043,CF138.jpg,3
4044,CF139.jpg,4
4045,CF14.jpg,8
4046,CF140.jpg,5
4047,CF141.jpg,7
4048,CF142.jpg,4
4049,CF143.jpg,7
4050,CF144.jpg,5
4051,CF145.jpg,4
4052,CF146.jpg,6
4053,CF147.jpg,4
4054,CF148.jpg,4
4055,CF149.jpg,7
4056,CF15.jpg,7
4057,CF150.jpg,7
4058,CF151.jpg,5
4059,CF152.jpg,4
4060,CF153.jpg,7
4061,CF154.jpg,4
4062,CF155.jpg,4
4063,CF156.jpg,5
4064,CF157.jpg,5
4065,CF158.jpg,4
4066,CF159.jpg,4
4067,CF16.jpg,7
4068,CF160.jpg,4
4069,CF161.jpg,4
4070,CF162.jpg,3
4071,CF163.jpg,6
4072,CF164.jpg,5
4073,CF165.jpg,3
4074,CF166.jpg,4
4075,CF167.jpg,6
4076,CF168.jpg,5
4077,CF169.jpg,5
4078,CF17.jpg,7
4079,CF170.jpg,4
4080,CF171.jpg,4
4081,CF172.jpg,6
4082,CF173.jpg,5
4083,CF174.jpg,6
4084,CF175.jpg,5
4085,CF176.jpg,5
4086,CF177.jpg,5
4087,CF178.jpg,5
4088,CF179.jpg,5
4089,CF18.jpg,8
4090,CF180.jpg,6
4091,CF181.jpg,5
4092,CF182.jpg,5
4093,CF183.jpg,5
4094,CF184.jpg,5
4095,CF185.jpg,5
4096,CF186.jpg,4
4097,CF187.jpg,4
4098,CF188.jpg,5
4099,CF189.jpg,6
4100,CF19.jpg,7
4101,CF190.jpg,4
4102,CF191.jpg,4
4103,CF192.jpg,6
4104,CF193.jpg,7
4105,CF194.jpg,5
4106,CF195.jpg,5
4107,CF196.jpg,5
4108,CF197.jpg,5
4109,CF198.jpg,4
4110,CF199.jpg,5
4111,CF2.jpg,7
4112,CF20.jpg,6
4113,CF200.jpg,5
4114,CF201.jpg,6
4115,CF202.jpg,5
4116,CF203.jpg,4
4117,CF204.jpg,6
4118,CF205.jpg,5
4119,CF206.jpg,4
4120,CF207.jpg,4
4121,CF208.jpg,5
4122,CF209.jpg,6
4123,CF21.jpg,8
4124,CF210.jpg,5
4125,CF211.jpg,4
4126,CF212.jpg,4
4127,CF213.jpg,5
4128,CF214.jpg,4
4129,CF215.jpg,6
4130,CF216.jpg,5
4131,CF217.jpg,7
4132,CF218.jpg,5
4133,CF219.jpg,4
4134,CF22.jpg,7
4135,CF220.jpg,6
4136,CF221.jpg,5
4137,CF222.jpg,5
4138,CF223.jpg,4
4139,CF224.jpg,5
4140,CF225.jpg,5
4141,CF226.jpg,5
4142,CF227.jpg,5
4143,CF228.jpg,5
4144,CF229.jpg,5
4145,CF23.jpg,8
4146,CF230.jpg,5
4147,CF231.jpg,5
4148,CF232.jpg,7
4149,CF233.jpg,6
4150,CF234.jpg,4
4151,CF235.jpg,5
4152,CF236.jpg,4
4153,CF237.jpg,6
4154,CF238.jpg,5
4155,CF239.jpg,5
4156,CF24.jpg,8
4157,CF240.jpg,5
4158,CF241.jpg,4
4159,CF242.jpg,9
4160,CF243.jpg,7
4161,CF244.jpg,7
4162,CF245.jpg,4
4163,CF246.jpg,6
4164,CF247.jpg,5
4165,CF248.jpg,4
4166,CF249.jpg,5
4167,CF25.jpg,7
4168,CF250.jpg,5
4169,CF251.jpg,3
4170,CF252.jpg,7
4171,CF253.jpg,6
4172,CF254.jpg,5
4173,CF255.jpg,4
4174,CF256.jpg,4
4175,CF257.jpg,5
4176,CF258.jpg,6
4177,CF259.jpg,5
4178,CF26.jpg,6
4179,CF260.jpg,5
4180,CF261.jpg,6
4181,CF262.jpg,5
4182,CF263.jpg,4
4183,CF264.jpg,5
4184,CF265.jpg,4
4185,CF266.jpg,5
4186,CF267.jpg,5
4187,CF268.jpg,6
4188,CF269.jpg,8
4189,CF27.jpg,9
4190,CF270.jpg,6
4191,CF271.jpg,5
4192,CF272.jpg,5
4193,CF273.jpg,5
4194,CF274.jpg,5
4195,CF275.jpg,5
4196,CF276.jpg,5
4197,CF277.jpg,4
4198,CF278.jpg,5
4199,CF279.jpg,7
4200,CF28.jpg,8
4201,CF280.jpg,4
4202,CF281.jpg,3
4203,CF282.jpg,6
4204,CF283.jpg,5
4205,CF284.jpg,7
4206,CF285.jpg,5
4207,CF286.jpg,5
4208,CF287.jpg,5
4209,CF288.jpg,6
4210,CF289.jpg,6
4211,CF29.jpg,5
4212,CF290.jpg,5
4213,CF291.jpg,6
4214,CF292.jpg,5
4215,CF293.jpg,6
4216,CF294.jpg,5
4217,CF295.jpg,7
4218,CF296.jpg,6
4219,CF297.jpg,4
4220,CF298.jpg,5
4221,CF299.jpg,7
4222,CF3.jpg,8
4223,CF30.jpg,6
4224,CF300.jpg,4
4225,CF301.jpg,7
4226,CF302.jpg,5
4227,CF303.jpg,5
4228,CF304.jpg,6
4229,CF305.jpg,7
4230,CF306.jpg,5
4231,CF307.jpg,6
4232,CF308.jpg,4
4233,CF309.jpg,8
4234,CF31.jpg,5
4235,CF310.jpg,5
4236,CF311.jpg,5
4237,CF312.jpg,5
4238,CF313.jpg,4
4239,CF314.jpg,3
4240,CF315.jpg,5
4241,CF316.jpg,5
4242,CF317.jpg,5
4243,CF318.jpg,4
4244,CF319.jpg,5
4245,CF32.jpg,3
4246,CF320.jpg,4
4247,CF321.jpg,3
4248,CF322.jpg,4
4249,CF323.jpg,5
4250,CF324.jpg,4
4251,CF325.jpg,6
4252,CF326.jpg,6
4253,CF327.jpg,5
4254,CF328.jpg,5
4255,CF329.jpg,5
4256,CF33.jpg,6
4257,CF330.jpg,4
4258,CF331.jpg,4
4259,CF332.jpg,5
4260,CF333.jpg,4
4261,CF334.jpg,4
4262,CF335.jpg,6
4263,CF336.jpg,5
4264,CF337.jpg,5
4265,CF338.jpg,5
4266,CF339.jpg,6
4267,CF34.jpg,8
4268,CF340.jpg,4
4269,CF341.jpg,6
4270,CF342.jpg,6
4271,CF343.jpg,5
4272,CF344.jpg,6
4273,CF345.jpg,4
4274,CF346.jpg,5
4275,CF347.jpg,5
4276,CF348.jpg,3
4277,CF349.jpg,5
4278,CF35.jpg,5
4279,CF350.jpg,5
4280,CF351.jpg,4
4281,CF352.jpg,4
4282,CF353.jpg,6
4283,CF354.jpg,4
4284,CF355.jpg,4
4285,CF356.jpg,5
4286,CF357.jpg,6
4287,CF358.jpg,6
4288,CF359.jpg,5
4289,CF36.jpg,5
4290,CF360.jpg,4
4291,CF361.jpg,5
4292,CF362.jpg,6
4293,CF363.jpg,6
4294,CF364.jpg,5
4295,CF365.jpg,7
4296,CF366.jpg,5
4297,CF367.jpg,6
4298,CF368.jpg,5
4299,CF369.jpg,5
4300,CF37.jpg,5
4301,CF370.jpg,6
4302,CF371.jpg,5
4303,CF372.jpg,6
4304,CF373.jpg,4
4305,CF374.jpg,7
4306,CF375.jpg,5
4307,CF376.jpg,4
4308,CF377.jpg,6
4309,CF378.jpg,4
4310,CF379.jpg,7
4311,CF38.jpg,8
4312,CF380.jpg,5
4313,CF381.jpg,4
4314,CF382.jpg,4
4315,CF383.jpg,5
4316,CF384.jpg,5
4317,CF385.jpg,7
4318,CF386.jpg,6
4319,CF387.jpg,4
4320,CF388.jpg,6
4321,CF389.jpg,4
4322,CF39.jpg,5
4323,CF390.jpg,5
4324,CF391.jpg,7
4325,CF392.jpg,6
4326,CF393.jpg,5
4327,CF394.jpg,5
4328,CF395.jpg,5
4329,CF396.jpg,6
4330,CF397.jpg,5
4331,CF398.jpg,6
4332,CF399.jpg,6
4333,CF4.jpg,8
4334,CF40.jpg,6
4335,CF400.jpg,6
4336,CF401.jpg,5
4337,CF402.jpg,4
4338,CF403.jpg,4
4339,CF404.jpg,4
4340,CF405.jpg,6
4341,CF406.jpg,4
4342,CF407.jpg,5
4343,CF408.jpg,6
4344,CF409.jpg,5
4345,CF41.jpg,4
4346,CF410.jpg,5
4347,CF411.jpg,7
4348,CF412.jpg,4
4349,CF413.jpg,5
4350,CF414.jpg,4
4351,CF415.jpg,5
4352,CF416.jpg,4
4353,CF417.jpg,5
4354,CF418.jpg,5
4355,CF419.jpg,4
4356,CF42.jpg,6
4357,CF420.jpg,7
4358,CF421.jpg,6
4359,CF422.jpg,5
4360,CF423.jpg,7
4361,CF424.jpg,6
4362,CF425.jpg,5
4363,CF426.jpg,5
4364,CF427.jpg,5
4365,CF428.jpg,5
4366,CF429.jpg,5
4367,CF43.jpg,4
4368,CF430.jpg,4
4369,CF431.jpg,5
4370,CF432.jpg,4
4371,CF433.jpg,4
4372,CF434.jpg,5
4373,CF435.jpg,5
4374,CF436.jpg,6
4375,CF437.jpg,5
4376,CF438.jpg,4
4377,CF439.jpg,5
4378,CF44.jpg,5
4379,CF440.jpg,6
4380,CF441.jpg,5
4381,CF442.jpg,5
4382,CF443.jpg,4
4383,CF444.jpg,4
4384,CF445.jpg,5
4385,CF446.jpg,4
4386,CF447.jpg,6
4387,CF448.jpg,6
4388,CF449.jpg,5
4389,CF45.jpg,5
4390,CF450.jpg,6
4391,CF451.jpg,5
4392,CF452.jpg,6
4393,CF453.jpg,4
4394,CF454.jpg,4
4395,CF455.jpg,8
4396,CF456.jpg,7
4397,CF457.jpg,5
4398,CF458.jpg,5
4399,CF459.jpg,5
4400,CF46.jpg,4
4401,CF460.jpg,5
4402,CF461.jpg,5
4403,CF462.jpg,4
4404,CF463.jpg,5
4405,CF464.jpg,4
4406,CF465.jpg,5
4407,CF466.jpg,5
4408,CF467.jpg,5
4409,CF468.jpg,5
4410,CF469.jpg,4
4411,CF47.jpg,5
4412,CF470.jpg,7
4413,CF471.jpg,5
4414,CF472.jpg,5
4415,CF473.jpg,6
4416,CF474.jpg,4
4417,CF475.jpg,6
4418,CF476.jpg,5
4419,CF477.jpg,3
4420,CF478.jpg,5
4421,CF479.jpg,5
4422,CF48.jpg,5
4423,CF480.jpg,7
4424,CF481.jpg,4
4425,CF482.jpg,5
4426,CF483.jpg,7
4427,CF484.jpg,5
4428,CF485.jpg,5
4429,CF486.jpg,5
4430,CF487.jpg,4
4431,CF488.jpg,5
4432,CF489.jpg,5
4433,CF49.jpg,8
4434,CF490.jpg,5
4435,CF491.jpg,4
4436,CF492.jpg,4
4437,CF493.jpg,5
4438,CF494.jpg,4
4439,CF495.jpg,5
4440,CF496.jpg,3
4441,CF497.jpg,5
4442,CF498.jpg,5
4443,CF499.jpg,4
4444,CF5.jpg,7
4445,CF50.jpg,8
4446,CF500.jpg,5
4447,CF501.jpg,4
4448,CF502.jpg,5
4449,CF503.jpg,5
4450,CF504.jpg,4
4451,CF505.jpg,6
4452,CF506.jpg,6
4453,CF507.jpg,5
4454,CF508.jpg,5
4455,CF509.jpg,5
4456,CF51.jpg,4
4457,CF510.jpg,7
4458,CF511.jpg,4
4459,CF512.jpg,5
4460,CF513.jpg,4
4461,CF514.jpg,4
4462,CF515.jpg,4
4463,CF516.jpg,6
4464,CF517.jpg,3
4465,CF518.jpg,4
4466,CF519.jpg,5
4467,CF52.jpg,5
4468,CF520.jpg,6
4469,CF521.jpg,4
4470,CF522.jpg,5
4471,CF523.jpg,4
4472,CF524.jpg,5
4473,CF525.jpg,4
4474,CF526.jpg,6
4475,CF527.jpg,5
4476,CF528.jpg,5
4477,CF529.jpg,5
4478,CF53.jpg,4
4479,CF530.jpg,5
4480,CF531.jpg,5
4481,CF532.jpg,6
4482,CF533.jpg,5
4483,CF534.jpg,5
4484,CF535.jpg,6
4485,CF536.jpg,7
4486,CF537.jpg,6
4487,CF538.jpg,5
4488,CF539.jpg,5
4489,CF54.jpg,4
4490,CF540.jpg,7
4491,CF541.jpg,7
4492,CF542.jpg,5
4493,CF543.jpg,5
4494,CF544.jpg,7
4495,CF545.jpg,7
4496,CF546.jpg,7
4497,CF547.jpg,7
4498,CF548.jpg,8
4499,CF549.jpg,8
4500,CF55.jpg,7
4501,CF550.jpg,6
4502,CF551.jpg,8
4503,CF552.jpg,8
4504,CF553.jpg,7
4505,CF554.jpg,8
4506,CF555.jpg,8
4507,CF556.jpg,9
4508,CF557.jpg,7
4509,CF558.jpg,7
4510,CF559.jpg,7
4511,CF56.jpg,4
4512,CF560.jpg,6
4513,CF561.jpg,8
4514,CF562.jpg,8
4515,CF563.jpg,8
4516,CF564.jpg,7
4517,CF565.jpg,7
4518,CF566.jpg,8
4519,CF567.jpg,8
4520,CF568.jpg,8
4521,CF569.jpg,7
4522,CF57.jpg,7
4523,CF570.jpg,6
4524,CF571.jpg,7
4525,CF572.jpg,7
4526,CF573.jpg,8
4527,CF574.jpg,7
4528,CF575.jpg,7
4529,CF576.jpg,9
4530,CF577.jpg,8
4531,CF578.jpg,7
4532,CF579.jpg,7
4533,CF58.jpg,4
4534,CF580.jpg,8
4535,CF581.jpg,8
4536,CF582.jpg,8
4537,CF583.jpg,8
4538,CF584.jpg,8
4539,CF585.jpg,7
4540,CF586.jpg,8
4541,CF587.jpg,8
4542,CF588.jpg,7
4543,CF589.jpg,8
4544,CF59.jpg,4
4545,CF590.jpg,7
4546,CF591.jpg,8
4547,CF592.jpg,7
4548,CF593.jpg,7
4549,CF594.jpg,6
4550,CF595.jpg,8
4551,CF596.jpg,8
4552,CF597.jpg,8
4553,CF598.jpg,8
4554,CF599.jpg,7
4555,CF6.jpg,8
4556,CF60.jpg,5
4557,CF600.jpg,8
4558,CF601.jpg,7
4559,CF602.jpg,8
4560,CF603.jpg,8
4561,CF604.jpg,7
4562,CF605.jpg,7
4563,CF606.jpg,7
4564,CF607.jpg,7
4565,CF608.jpg,4
4566,CF609.jpg,9
4567,CF61.jpg,7
4568,CF610.jpg,8
4569,CF611.jpg,8
4570,CF612.jpg,8
4571,CF613.jpg,8
4572,CF614.jpg,7
4573,CF615.jpg,7
4574,CF616.jpg,7
4575,CF617.jpg,6
4576,CF618.jpg,8
4577,CF619.jpg,8
4578,CF62.jpg,4
4579,CF620.jpg,9
4580,CF621.jpg,7
4581,CF622.jpg,6
4582,CF623.jpg,8
4583,CF624.jpg,7
4584,CF625.jpg,7
4585,CF626.jpg,6
4586,CF627.jpg,8
4587,CF628.jpg,8
4588,CF629.jpg,7
4589,CF63.jpg,4
4590,CF630.jpg,8
4591,CF631.jpg,7
4592,CF632.jpg,7
4593,CF633.jpg,7
4594,CF634.jpg,9
4595,CF635.jpg,8
4596,CF636.jpg,8
4597,CF637.jpg,8
4598,CF638.jpg,7
4599,CF639.jpg,8
4600,CF64.jpg,6
4601,CF640.jpg,9
4602,CF641.jpg,8
4603,CF642.jpg,8
4604,CF643.jpg,5
4605,CF644.jpg,7
4606,CF645.jpg,7
4607,CF646.jpg,7
4608,CF647.jpg,8
4609,CF648.jpg,9
4610,CF649.jpg,7
4611,CF65.jpg,2
4612,CF650.jpg,8
4613,CF651.jpg,7
4614,CF652.jpg,7
4615,CF653.jpg,8
4616,CF654.jpg,8
4617,CF655.jpg,7
4618,CF656.jpg,6
4619,CF657.jpg,7
4620,CF658.jpg,8
4621,CF659.jpg,8
4622,CF66.jpg,5
4623,CF660.jpg,6
4624,CF661.jpg,8
4625,CF662.jpg,8
4626,CF663.jpg,7
4627,CF664.jpg,6
4628,CF665.jpg,7
4629,CF666.jpg,8
4630,CF667.jpg,7
4631,CF668.jpg,9
4632,CF669.jpg,8
4633,CF67.jpg,5
4634,CF670.jpg,9
4635,CF671.jpg,7
4636,CF672.jpg,6
4637,CF673.jpg,8
4638,CF674.jpg,7
4639,CF675.jpg,7
4640,CF676.jpg,6
4641,CF677.jpg,7
4642,CF678.jpg,7
4643,CF679.jpg,7
4644,CF68.jpg,7
4645,CF680.jpg,7
4646,CF681.jpg,7
4647,CF682.jpg,8
4648,CF683.jpg,8
4649,CF684.jpg,7
4650,CF685.jpg,6
4651,CF686.jpg,8
4652,CF687.jpg,8
4653,CF688.jpg,7
4654,CF689.jpg,8
4655,CF69.jpg,6
4656,CF690.jpg,7
4657,CF691.jpg,6
4658,CF692.jpg,8
4659,CF693.jpg,7
4660,CF694.jpg,6
4661,CF695.jpg,8
4662,CF696.jpg,6
4663,CF697.jpg,6
4664,CF698.jpg,7
4665,CF699.jpg,7
4666,CF7.jpg,7
4667,CF70.jpg,6
4668,CF700.jpg,7
4669,CF701.jpg,8
4670,CF702.jpg,9
4671,CF703.jpg,8
4672,CF704.jpg,8
4673,CF705.jpg,7
4674,CF706.jpg,8
4675,CF707.jpg,8
4676,CF708.jpg,8
4677,CF709.jpg,7
4678,CF71.jpg,5
4679,CF710.jpg,7
4680,CF711.jpg,7
4681,CF712.jpg,7
4682,CF713.jpg,7
4683,CF714.jpg,8
4684,CF715.jpg,7
4685,CF716.jpg,6
4686,CF717.jpg,6
4687,CF718.jpg,7
4688,CF719.jpg,9
4689,CF72.jpg,4
4690,CF720.jpg,6
4691,CF721.jpg,7
4692,CF722.jpg,7
4693,CF723.jpg,6
4694,CF724.jpg,6
4695,CF725.jpg,7
4696,CF726.jpg,7
4697,CF727.jpg,9
4698,CF728.jpg,8
4699,CF729.jpg,7
4700,CF73.jpg,4
4701,CF730.jpg,7
4702,CF731.jpg,7
4703,CF732.jpg,7
4704,CF733.jpg,6
4705,CF734.jpg,7
4706,CF735.jpg,8
4707,CF736.jpg,8
4708,CF737.jpg,7
4709,CF738.jpg,8
4710,CF739.jpg,7
4711,CF74.jpg,4
4712,CF740.jpg,8
4713,CF741.jpg,7
4714,CF742.jpg,8
4715,CF743.jpg,5
4716,CF744.jpg,8
4717,CF745.jpg,6
4718,CF746.jpg,5
4719,CF747.jpg,6
4720,CF748.jpg,7
4721,CF749.jpg,8
4722,CF75.jpg,4
4723,CF750.jpg,7
4724,CF76.jpg,3
4725,CF77.jpg,6
4726,CF78.jpg,4
4727,CF79.jpg,5
4728,CF8.jpg,9
4729,CF80.jpg,5
4730,CF81.jpg,5
4731,CF82.jpg,5
4732,CF83.jpg,5
4733,CF84.jpg,5
4734,CF85.jpg,5
4735,CF86.jpg,5
4736,CF87.jpg,4
4737,CF88.jpg,5
4738,CF89.jpg,8
4739,CF9.jpg,7
4740,CF90.jpg,6
4741,CF91.jpg,3
4742,CF92.jpg,6
4743,CF93.jpg,7
4744,CF94.jpg,4
4745,CF95.jpg,4
4746,CF96.jpg,5
4747,CF97.jpg,5
4748,CF98.jpg,5
4749,CF99.jpg,7
4750,CM1.jpg,6
4751,CM10.jpg,7
4752,CM100.jpg,5
4753,CM101.jpg,8
4754,CM102.jpg,5
4755,CM103.jpg,6
4756,CM104.jpg,5
4757,CM105.jpg,5
4758,CM106.jpg,6
4759,CM107.jpg,6
4760,CM108.jpg,7
4761,CM109.jpg,6
4762,CM11.jpg,8
4763,CM110.jpg,6
4764,CM111.jpg,6
4765,CM112.jpg,5
4766,CM113.jpg,5
4767,CM114.jpg,5
4768,CM115.jpg,5
4769,CM116.jpg,5
4770,CM117.jpg,5
4771,CM118.jpg,4
4772,CM119.jpg,5
4773,CM12.jpg,8
4774,CM120.jpg,6
4775,CM121.jpg,4
4776,CM122.jpg,5
4777,CM123.jpg,6
4778,CM124.jpg,5
4779,CM125.jpg,4
4780,CM126.jpg,5
4781,CM127.jpg,7
4782,CM128.jpg,4
4783,CM129.jpg,5
4784,CM13.jpg,8
4785,CM130.jpg,5
4786,CM131.jpg,4
4787,CM132.jpg,5
4788,CM133.jpg,5
4789,CM134.jpg,5
4790,CM135.jpg,5
4791,CM136.jpg,5
4792,CM137.jpg,4
4793,CM138.jpg,4
4794,CM139.jpg,4
4795,CM14.jpg,5
4796,CM140.jpg,5
4797,CM141.jpg,5
4798,CM142.jpg,6
4799,CM143.jpg,6
4800,CM144.jpg,4
4801,CM145.jpg,4
4802,CM146.jpg,6
4803,CM147.jpg,4
4804,CM148.jpg,7
4805,CM149.jpg,5
4806,CM15.jpg,5
4807,CM150.jpg,5
4808,CM151.jpg,4
4809,CM152.jpg,3
4810,CM153.jpg,4
4811,CM154.jpg,7
4812,CM155.jpg,5
4813,CM156.jpg,4
4814,CM157.jpg,7
4815,CM158.jpg,5
4816,CM159.jpg,4
4817,CM16.jpg,7
4818,CM160.jpg,9
4819,CM161.jpg,4
4820,CM162.jpg,6
4821,CM163.jpg,7
4822,CM164.jpg,5
4823,CM165.jpg,5
4824,CM166.jpg,4
4825,CM167.jpg,5
4826,CM168.jpg,5
4827,CM169.jpg,5
4828,CM17.jpg,8
4829,CM170.jpg,5
4830,CM171.jpg,4
4831,CM172.jpg,6
4832,CM173.jpg,6
4833,CM174.jpg,7
4834,CM175.jpg,6
4835,CM176.jpg,5
4836,CM177.jpg,5
4837,CM178.jpg,4
4838,CM179.jpg,5
4839,CM18.jpg,5
4840,CM180.jpg,6
4841,CM181.jpg,5
4842,CM182.jpg,5
4843,CM183.jpg,7
4844,CM184.jpg,5
4845,CM185.jpg,5
4846,CM186.jpg,8
4847,CM187.jpg,8
4848,CM188.jpg,5
4849,CM189.jpg,5
4850,CM19.jpg,7
4851,CM190.jpg,4
4852,CM191.jpg,5
4853,CM192.jpg,5
4854,CM193.jpg,5
4855,CM194.jpg,4
4856,CM195.jpg,4
4857,CM196.jpg,5
4858,CM197.jpg,4
4859,CM198.jpg,5
4860,CM199.jpg,4
4861,CM2.jpg,7
4862,CM20.jpg,7
4863,CM200.jpg,7
4864,CM201.jpg,6
4865,CM202.jpg,5
4866,CM203.jpg,5
4867,CM204.jpg,5
4868,CM205.jpg,4
4869,CM206.jpg,5
4870,CM207.jpg,4
4871,CM208.jpg,6
4872,CM209.jpg,5
4873,CM21.jpg,6
4874,CM210.jpg,5
4875,CM211.jpg,5
4876,CM212.jpg,4
4877,CM213.jpg,6
4878,CM214.jpg,5
4879,CM215.jpg,5
4880,CM216.jpg,6
4881,CM217.jpg,5
4882,CM218.jpg,5
4883,CM219.jpg,6
4884,CM22.jpg,8
4885,CM220.jpg,5
4886,CM221.jpg,6
4887,CM222.jpg,5
4888,CM223.jpg,7
4889,CM224.jpg,5
4890,CM225.jpg,6
4891,CM226.jpg,4
4892,CM227.jpg,5
4893,CM228.jpg,5
4894,CM229.jpg,5
4895,CM23.jpg,8
4896,CM230.jpg,4
4897,CM231.jpg,4
4898,CM232.jpg,5
4899,CM233.jpg,5
4900,CM234.jpg,8
4901,CM235.jpg,5
4902,CM236.jpg,4
4903,CM237.jpg,5
4904,CM238.jpg,6
4905,CM239.jpg,6
4906,CM24.jpg,5
4907,CM240.jpg,4
4908,CM241.jpg,5
4909,CM242.jpg,5
4910,CM243.jpg,4
4911,CM244.jpg,6
4912,CM245.jpg,5
4913,CM246.jpg,6
4914,CM247.jpg,5
4915,CM248.jpg,3
4916,CM249.jpg,5
4917,CM25.jpg,5
4918,CM250.jpg,6
4919,CM251.jpg,7
4920,CM252.jpg,6
4921,CM253.jpg,4
4922,CM254.jpg,5
4923,CM255.jpg,6
4924,CM256.jpg,5
4925,CM257.jpg,4
4926,CM258.jpg,6
4927,CM259.jpg,5
4928,CM26.jpg,4
4929,CM260.jpg,6
4930,CM261.jpg,5
4931,CM262.jpg,6
4932,CM263.jpg,6
4933,CM264.jpg,5
4934,CM265.jpg,5
4935,CM266.jpg,6
4936,CM267.jpg,6
4937,CM268.jpg,5
4938,CM269.jpg,5
4939,CM27.jpg,6
4940,CM270.jpg,5
4941,CM271.jpg,5
4942,CM272.jpg,6
4943,CM273.jpg,5
4944,CM274.jpg,4
4945,CM275.jpg,5
4946,CM276.jpg,5
4947,CM277.jpg,5
4948,CM278.jpg,7
4949,CM279.jpg,4
4950,CM28.jpg,5
4951,CM280.jpg,5
4952,CM281.jpg,6
4953,CM282.jpg,5
4954,CM283.jpg,5
4955,CM284.jpg,5
4956,CM285.jpg,5
4957,CM286.jpg,5
4958,CM287.jpg,6
4959,CM288.jpg,5
4960,CM289.jpg,5
4961,CM29.jpg,3
4962,CM290.jpg,5
4963,CM291.jpg,4
4964,CM292.jpg,5
4965,CM293.jpg,4
4966,CM294.jpg,5
4967,CM295.jpg,4
4968,CM296.jpg,4
4969,CM297.jpg,5
4970,CM298.jpg,5
4971,CM299.jpg,5
4972,CM3.jpg,8
4973,CM30.jpg,8
4974,CM300.jpg,5
4975,CM301.jpg,4
4976,CM302.jpg,5
4977,CM303.jpg,5
4978,CM304.jpg,5
4979,CM305.jpg,5
4980,CM306.jpg,8
4981,CM307.jpg,4
4982,CM308.jpg,5
4983,CM309.jpg,8
4984,CM31.jpg,5
4985,CM310.jpg,5
4986,CM311.jpg,5
4987,CM312.jpg,4
4988,CM313.jpg,5
4989,CM314.jpg,5
4990,CM315.jpg,5
4991,CM316.jpg,5
4992,CM317.jpg,7
4993,CM318.jpg,5
4994,CM319.jpg,5
4995,CM32.jpg,4
4996,CM320.jpg,5
4997,CM321.jpg,5
4998,CM322.jpg,6
4999,CM323.jpg,3
5000,CM324.jpg,5
5001,CM325.jpg,5
5002,CM326.jpg,4
5003,CM327.jpg,5
5004,CM328.jpg,4
5005,CM329.jpg,4
5006,CM33.jpg,5
5007,CM330.jpg,5
5008,CM331.jpg,6
5009,CM332.jpg,7
5010,CM333.jpg,5
5011,CM334.jpg,4
5012,CM335.jpg,6
5013,CM336.jpg,5
5014,CM337.jpg,6
5015,CM338.jpg,4
5016,CM339.jpg,5
5017,CM34.jpg,3
5018,CM340.jpg,4
5019,CM341.jpg,5
5020,CM342.jpg,4
5021,CM343.jpg,5
5022,CM344.jpg,6
5023,CM345.jpg,4
5024,CM346.jpg,4
5025,CM347.jpg,4
5026,CM348.jpg,5
5027,CM349.jpg,5
5028,CM35.jpg,5
5029,CM350.jpg,4
5030,CM351.jpg,6
5031,CM352.jpg,5
5032,CM353.jpg,6
5033,CM354.jpg,5
5034,CM355.jpg,3
5035,CM356.jpg,4
5036,CM357.jpg,5
5037,CM358.jpg,5
5038,CM359.jpg,5
5039,CM36.jpg,4
5040,CM360.jpg,6
5041,CM361.jpg,5
5042,CM362.jpg,5
5043,CM363.jpg,4
5044,CM364.jpg,7
5045,CM365.jpg,5
5046,CM366.jpg,6
5047,CM367.jpg,4
5048,CM368.jpg,5
5049,CM369.jpg,5
5050,CM37.jpg,5
5051,CM370.jpg,4
5052,CM371.jpg,4
5053,CM372.jpg,5
5054,CM373.jpg,6
5055,CM374.jpg,5
5056,CM375.jpg,5
5057,CM376.jpg,6
5058,CM377.jpg,5
5059,CM378.jpg,7
5060,CM379.jpg,5
5061,CM38.jpg,7
5062,CM380.jpg,5
5063,CM381.jpg,5
5064,CM382.jpg,5
5065,CM383.jpg,5
5066,CM384.jpg,6
5067,CM385.jpg,5
5068,CM386.jpg,5
5069,CM387.jpg,5
5070,CM388.jpg,5
5071,CM389.jpg,4
5072,CM39.jpg,5
5073,CM390.jpg,6
5074,CM391.jpg,5
5075,CM392.jpg,5
5076,CM393.jpg,5
5077,CM394.jpg,5
5078,CM395.jpg,5
5079,CM396.jpg,5
5080,CM397.jpg,5
5081,CM398.jpg,4
5082,CM399.jpg,5
5083,CM4.jpg,8
5084,CM40.jpg,5
5085,CM400.jpg,4
5086,CM401.jpg,5
5087,CM402.jpg,5
5088,CM403.jpg,6
5089,CM404.jpg,5
5090,CM405.jpg,6
5091,CM406.jpg,6
5092,CM407.jpg,4
5093,CM408.jpg,5
5094,CM409.jpg,5
5095,CM41.jpg,8
5096,CM410.jpg,5
5097,CM411.jpg,5
5098,CM412.jpg,6
5099,CM413.jpg,5
5100,CM414.jpg,6
5101,CM415.jpg,5
5102,CM416.jpg,5
5103,CM417.jpg,5
5104,CM418.jpg,4
5105,CM419.jpg,4
5106,CM42.jpg,8
5107,CM420.jpg,7
5108,CM421.jpg,5
5109,CM422.jpg,4
5110,CM423.jpg,5
5111,CM424.jpg,5
5112,CM425.jpg,6
5113,CM426.jpg,6
5114,CM427.jpg,3
5115,CM428.jpg,5
5116,CM429.jpg,5
5117,CM43.jpg,5
5118,CM430.jpg,4
5119,CM431.jpg,5
5120,CM432.jpg,5
5121,CM433.jpg,5
5122,CM434.jpg,6
5123,CM435.jpg,5
5124,CM436.jpg,6
5125,CM437.jpg,5
5126,CM438.jpg,5
5127,CM439.jpg,6
5128,CM44.jpg,6
5129,CM440.jpg,4
5130,CM441.jpg,5
5131,CM442.jpg,5
5132,CM443.jpg,5
5133,CM444.jpg,6
5134,CM445.jpg,7
5135,CM446.jpg,4
5136,CM447.jpg,5
5137,CM448.jpg,6
5138,CM449.jpg,5
5139,CM45.jpg,5
5140,CM450.jpg,7
5141,CM451.jpg,5
5142,CM452.jpg,4
5143,CM453.jpg,4
5144,CM454.jpg,4
5145,CM455.jpg,5
5146,CM456.jpg,4
5147,CM457.jpg,6
5148,CM458.jpg,5
5149,CM459.jpg,5
5150,CM46.jpg,7
5151,CM460.jpg,6
5152,CM461.jpg,6
5153,CM462.jpg,6
5154,CM463.jpg,5
5155,CM464.jpg,4
5156,CM465.jpg,5
5157,CM466.jpg,5
5158,CM467.jpg,6
5159,CM468.jpg,5
5160,CM469.jpg,5
5161,CM47.jpg,5
5162,CM470.jpg,5
5163,CM471.jpg,5
5164,CM472.jpg,5
5165,CM473.jpg,5
5166,CM474.jpg,5
5167,CM475.jpg,5
5168,CM476.jpg,5
5169,CM477.jpg,5
5170,CM478.jpg,6
5171,CM479.jpg,4
5172,CM48.jpg,4
5173,CM480.jpg,5
5174,CM481.jpg,5
5175,CM482.jpg,6
5176,CM483.jpg,7
5177,CM484.jpg,5
5178,CM485.jpg,7
5179,CM486.jpg,5
5180,CM487.jpg,4
5181,CM488.jpg,5
5182,CM489.jpg,5
5183,CM49.jpg,4
5184,CM490.jpg,6
5185,CM491.jpg,5
5186,CM492.jpg,4
5187,CM493.jpg,5
5188,CM494.jpg,5
5189,CM495.jpg,4
5190,CM496.jpg,5
5191,CM497.jpg,6
5192,CM498.jpg,4
5193,CM499.jpg,7
5194,CM5.jpg,5
5195,CM50.jpg,6
5196,CM500.jpg,7
5197,CM501.jpg,5
5198,CM502.jpg,5
5199,CM503.jpg,6
5200,CM504.jpg,4
5201,CM505.jpg,4
5202,CM506.jpg,7
5203,CM507.jpg,6
5204,CM508.jpg,4
5205,CM509.jpg,5
5206,CM51.jpg,4
5207,CM510.jpg,5
5208,CM511.jpg,5
5209,CM512.jpg,5
5210,CM513.jpg,4
5211,CM514.jpg,4
5212,CM515.jpg,5
5213,CM516.jpg,5
5214,CM517.jpg,5
5215,CM518.jpg,5
5216,CM519.jpg,5
5217,CM52.jpg,5
5218,CM520.jpg,5
5219,CM521.jpg,7
5220,CM522.jpg,5
5221,CM523.jpg,5
5222,CM524.jpg,4
5223,CM525.jpg,5
5224,CM526.jpg,5
5225,CM527.jpg,4
5226,CM528.jpg,7
5227,CM529.jpg,4
5228,CM53.jpg,6
5229,CM530.jpg,6
5230,CM531.jpg,6
5231,CM532.jpg,5
5232,CM533.jpg,5
5233,CM534.jpg,6
5234,CM535.jpg,7
5235,CM536.jpg,4
5236,CM537.jpg,5
5237,CM538.jpg,5
5238,CM539.jpg,6
5239,CM54.jpg,6
5240,CM540.jpg,6
5241,CM541.jpg,5
5242,CM542.jpg,5
5243,CM543.jpg,4
5244,CM544.jpg,5
5245,CM545.jpg,4
5246,CM546.jpg,6
5247,CM547.jpg,5
5248,CM548.jpg,5
5249,CM549.jpg,5
5250,CM55.jpg,9
5251,CM550.jpg,4
5252,CM551.jpg,6
5253,CM552.jpg,5
5254,CM553.jpg,5
5255,CM554.jpg,5
5256,CM555.jpg,5
5257,CM556.jpg,5
5258,CM557.jpg,5
5259,CM558.jpg,4
5260,CM559.jpg,4
5261,CM56.jpg,4
5262,CM560.jpg,4
5263,CM561.jpg,6
5264,CM562.jpg,7
5265,CM563.jpg,5
5266,CM564.jpg,6
5267,CM565.jpg,4
5268,CM566.jpg,5
5269,CM567.jpg,5
5270,CM568.jpg,4
5271,CM569.jpg,6
5272,CM57.jpg,5
5273,CM570.jpg,6
5274,CM571.jpg,4
5275,CM572.jpg,7
5276,CM573.jpg,5
5277,CM574.jpg,6
5278,CM575.jpg,5
5279,CM576.jpg,5
5280,CM577.jpg,5
5281,CM578.jpg,5
5282,CM579.jpg,5
5283,CM58.jpg,7
5284,CM580.jpg,4
5285,CM581.jpg,5
5286,CM582.jpg,4
5287,CM583.jpg,5
5288,CM584.jpg,4
5289,CM585.jpg,5
5290,CM586.jpg,5
5291,CM587.jpg,3
5292,CM588.jpg,4
5293,CM589.jpg,5
5294,CM59.jpg,6
5295,CM590.jpg,8
5296,CM591.jpg,5
5297,CM592.jpg,6
5298,CM593.jpg,6
5299,CM594.jpg,7
5300,CM595.jpg,5
5301,CM596.jpg,4
5302,CM597.jpg,6
5303,CM598.jpg,6
5304,CM599.jpg,5
5305,CM6.jpg,7
5306,CM60.jpg,5
5307,CM600.jpg,5
5308,CM601.jpg,5
5309,CM602.jpg,6
5310,CM603.jpg,5
5311,CM604.jpg,5
5312,CM605.jpg,5
5313,CM606.jpg,6
5314,CM607.jpg,5
5315,CM608.jpg,6
5316,CM609.jpg,5
5317,CM61.jpg,4
5318,CM610.jpg,6
5319,CM611.jpg,5
5320,CM612.jpg,4
5321,CM613.jpg,3
5322,CM614.jpg,4
5323,CM615.jpg,6
5324,CM616.jpg,6
5325,CM617.jpg,5
5326,CM618.jpg,6
5327,CM619.jpg,5
5328,CM62.jpg,6
5329,CM620.jpg,3
5330,CM621.jpg,5
5331,CM622.jpg,5
5332,CM623.jpg,4
5333,CM624.jpg,4
5334,CM625.jpg,5
5335,CM626.jpg,5
5336,CM627.jpg,5
5337,CM628.jpg,5
5338,CM629.jpg,4
5339,CM63.jpg,4
5340,CM630.jpg,5
5341,CM631.jpg,5
5342,CM632.jpg,4
5343,CM633.jpg,4
5344,CM634.jpg,8
5345,CM635.jpg,5
5346,CM636.jpg,8
5347,CM637.jpg,8
5348,CM638.jpg,8
5349,CM639.jpg,8
5350,CM64.jpg,4
5351,CM640.jpg,5
5352,CM641.jpg,8
5353,CM642.jpg,6
5354,CM643.jpg,6
5355,CM644.jpg,8
5356,CM645.jpg,7
5357,CM646.jpg,8
5358,CM647.jpg,8
5359,CM648.jpg,8
5360,CM649.jpg,6
5361,CM65.jpg,7
5362,CM650.jpg,8
5363,CM651.jpg,7
5364,CM652.jpg,7
5365,CM653.jpg,8
5366,CM654.jpg,7
5367,CM655.jpg,8
5368,CM656.jpg,8
5369,CM657.jpg,8
5370,CM658.jpg,6
5371,CM659.jpg,8
5372,CM66.jpg,7
5373,CM660.jpg,6
5374,CM661.jpg,7
5375,CM662.jpg,7
5376,CM663.jpg,8
5377,CM664.jpg,7
5378,CM665.jpg,8
5379,CM666.jpg,8
5380,CM667.jpg,8
5381,CM668.jpg,7
5382,CM669.jpg,8
5383,CM67.jpg,5
5384,CM670.jpg,8
5385,CM671.jpg,8
5386,CM672.jpg,7
5387,CM673.jpg,8
5388,CM674.jpg,7
5389,CM675.jpg,7
5390,CM676.jpg,8
5391,CM677.jpg,8
5392,CM678.jpg,8
5393,CM679.jpg,6
5394,CM68.jpg,6
5395,CM680.jpg,6
5396,CM681.jpg,7
5397,CM682.jpg,8
5398,CM683.jpg,6
5399,CM684.jpg,6
5400,CM685.jpg,6
5401,CM686.jpg,5
5402,CM687.jpg,7
5403,CM688.jpg,8
5404,CM689.jpg,8
5405,CM69.jpg,5
5406,CM690.jpg,8
5407,CM691.jpg,7
5408,CM692.jpg,8
5409,CM693.jpg,7
5410,CM694.jpg,8
5411,CM695.jpg,5
5412,CM696.jpg,7
5413,CM697.jpg,8
5414,CM698.jpg,6
5415,CM699.jpg,7
5416,CM7.jpg,8
5417,CM70.jpg,5
5418,CM700.jpg,9
5419,CM701.jpg,8
5420,CM702.jpg,6
5421,CM703.jpg,8
5422,CM704.jpg,5
5423,CM705.jpg,8
5424,CM706.jpg,7
5425,CM707.jpg,8
5426,CM708.jpg,7
5427,CM709.jpg,8
5428,CM71.jpg,4
5429,CM710.jpg,8
5430,CM711.jpg,8
5431,CM712.jpg,7
5432,CM713.jpg,8
5433,CM714.jpg,8
5434,CM715.jpg,7
5435,CM716.jpg,8
5436,CM717.jpg,8
5437,CM718.jpg,8
5438,CM719.jpg,7
5439,CM72.jpg,8
5440,CM720.jpg,8
5441,CM721.jpg,8
5442,CM722.jpg,8
5443,CM723.jpg,6
5444,CM724.jpg,7
5445,CM725.jpg,7
5446,CM726.jpg,6
5447,CM727.jpg,8
5448,CM728.jpg,8
5449,CM729.jpg,8
5450,CM73.jpg,7
5451,CM730.jpg,7
5452,CM731.jpg,7
5453,CM732.jpg,8
5454,CM733.jpg,6
5455,CM734.jpg,8
5456,CM735.jpg,8
5457,CM736.jpg,8
5458,CM737.jpg,8
5459,CM738.jpg,7
5460,CM739.jpg,7
5461,CM74.jpg,6
5462,CM740.jpg,7
5463,CM741.jpg,6
5464,CM742.jpg,8
5465,CM743.jpg,8
5466,CM744.jpg,7
5467,CM745.jpg,7
5468,CM746.jpg,8
5469,CM747.jpg,7
5470,CM748.jpg,7
5471,CM749.jpg,8
5472,CM75.jpg,5
5473,CM750.jpg,6
5474,CM76.jpg,4
5475,CM77.jpg,8
5476,CM78.jpg,5
5477,CM79.jpg,6
5478,CM8.jpg,4
5479,CM80.jpg,4
5480,CM81.jpg,5
5481,CM82.jpg,5
5482,CM83.jpg,4
5483,CM84.jpg,5
5484,CM85.jpg,5
5485,CM86.jpg,5
5486,CM87.jpg,5
5487,CM88.jpg,5
5488,CM89.jpg,5
5489,CM9.jpg,7
5490,CM90.jpg,5
5491,CM91.jpg,4
5492,CM92.jpg,5
5493,CM93.jpg,8
5494,CM94.jpg,5
5495,CM95.jpg,4
5496,CM96.jpg,6
5497,CM97.jpg,6
5498,CM98.jpg,4
5499,CM99.jpg,5
